[      98ms] [ERROR] Failed to load resource: net::ERR_CONNECTION_REFUSED @ http://localhost:5177/remoteEntry.js:0
[     169ms] [ERROR] Failed to load resource: the server responded with a status of 401 (Unauthorized) @ http://localhost:8081/notifications/stream?ticket=36759621-d189-4e42-b270-2044fc924505:0
[    1180ms] [ERROR] Failed to load resource: the server responded with a status of 401 (Unauthorized) @ http://localhost:8081/notifications/stream?ticket=ffbdcf45-41e2-4bcc-beb6-979912e8d153:0
[    2192ms] [ERROR] Failed to load resource: the server responded with a status of 401 (Unauthorized) @ http://localhost:8081/notifications/stream?ticket=8f8b8226-4d71-42e3-99f8-3d6b58fa901b:0
[    3201ms] [ERROR] Failed to load resource: the server responded with a status of 401 (Unauthorized) @ http://localhost:8081/notifications/stream?ticket=8c8298c2-1569-46c3-96f8-58a9e5dcae22:0
[    4208ms] [ERROR] Failed to load resource: the server responded with a status of 401 (Unauthorized) @ http://localhost:8081/notifications/stream?ticket=d8d906d5-ae36-4caa-af65-eac9d44522bc:0
[    5222ms] [ERROR] Failed to load resource: the server responded with a status of 401 (Unauthorized) @ http://localhost:8081/notifications/stream?ticket=b5f7de16-c3ca-4b70-b5a9-6ea79b1e0f58:0
[    6234ms] [ERROR] Failed to load resource: the server responded with a status of 401 (Unauthorized) @ http://localhost:8081/notifications/stream?ticket=a633ca45-59c2-44e7-b118-0435e7c389a6:0
[    7246ms] [ERROR] Failed to load resource: the server responded with a status of 401 (Unauthorized) @ http://localhost:8081/notifications/stream?ticket=9d6b14a7-30e2-44d4-98b8-6a5cfdcf401f:0
[    8258ms] [ERROR] Failed to load resource: the server responded with a status of 401 (Unauthorized) @ http://localhost:8081/notifications/stream?ticket=762345ff-22e7-4da4-8771-8cdd62e38c80:0
[    9268ms] [ERROR] Failed to load resource: the server responded with a status of 401 (Unauthorized) @ http://localhost:8081/notifications/stream?ticket=958aa511-3e8f-4e74-bd43-e10ae9b17f76:0
[   10283ms] [ERROR] Failed to load resource: the server responded with a status of 401 (Unauthorized) @ http://localhost:8081/notifications/stream?ticket=d3731aaa-42f1-4128-8de2-448a4f3f2354:0
[   11297ms] [ERROR] Failed to load resource: the server responded with a status of 401 (Unauthorized) @ http://localhost:8081/notifications/stream?ticket=42cd53dd-daf5-44fa-81e1-67ac0f726581:0
[   12313ms] [ERROR] Failed to load resource: the server responded with a status of 401 (Unauthorized) @ http://localhost:8081/notifications/stream?ticket=358295d2-f094-4806-89a0-d3ea83006a6c:0
[   13327ms] [ERROR] Failed to load resource: the server responded with a status of 401 (Unauthorized) @ http://localhost:8081/notifications/stream?ticket=5e5673b9-76d3-461c-afc2-c2d31a7c0368:0
[   14341ms] [ERROR] Failed to load resource: the server responded with a status of 401 (Unauthorized) @ http://localhost:8081/notifications/stream?ticket=3690ab8c-bfbf-40a8-adf8-1a4e5a9e2e3e:0
[   15353ms] [ERROR] Failed to load resource: the server responded with a status of 401 (Unauthorized) @ http://localhost:8081/notifications/stream?ticket=34b1bc1b-d7ce-491d-9e1f-037c3490c556:0
[   16364ms] [ERROR] Failed to load resource: the server responded with a status of 401 (Unauthorized) @ http://localhost:8081/notifications/stream?ticket=eda60fd6-cd33-42aa-b32f-19c96ef1752a:0
[   17378ms] [ERROR] Failed to load resource: the server responded with a status of 401 (Unauthorized) @ http://localhost:8081/notifications/stream?ticket=e10aa1c4-3c92-4b21-8f61-13cd960a1348:0
[   18394ms] [ERROR] Failed to load resource: the server responded with a status of 401 (Unauthorized) @ http://localhost:8081/notifications/stream?ticket=9adf6088-7904-43ab-9537-93e8906b790c:0
[   19410ms] [ERROR] Failed to load resource: the server responded with a status of 401 (Unauthorized) @ http://localhost:8081/notifications/stream?ticket=0c55d2b5-a8f7-40f2-825c-f12d8c15c091:0
[   20427ms] [ERROR] Failed to load resource: the server responded with a status of 401 (Unauthorized) @ http://localhost:8081/notifications/stream?ticket=7dd1e6e1-c80a-4285-9bb9-bb3d4802c287:0
[   21441ms] [ERROR] Failed to load resource: the server responded with a status of 401 (Unauthorized) @ http://localhost:8081/notifications/stream?ticket=781c0562-a09f-45fa-8735-c325614a1896:0
[   22452ms] [ERROR] Failed to load resource: the server responded with a status of 401 (Unauthorized) @ http://localhost:8081/notifications/stream?ticket=aa6c19af-ac1f-4cd1-bce2-2c77d52ccc39:0
[   23459ms] [ERROR] Failed to load resource: the server responded with a status of 401 (Unauthorized) @ http://localhost:8081/notifications/stream?ticket=d3c86062-c77e-4602-9412-8049384cb870:0
[   24475ms] [ERROR] Failed to load resource: the server responded with a status of 401 (Unauthorized) @ http://localhost:8081/notifications/stream?ticket=96af157a-7252-4a7c-bf6c-3986465e3dd1:0
[   25483ms] [ERROR] Failed to load resource: the server responded with a status of 401 (Unauthorized) @ http://localhost:8081/notifications/stream?ticket=e1da956f-eca0-4373-a3a2-94d6984424ee:0
[   26495ms] [ERROR] Failed to load resource: the server responded with a status of 401 (Unauthorized) @ http://localhost:8081/notifications/stream?ticket=f8e0d823-85a8-47d9-a5f7-a18dc39e991b:0
[   27508ms] [ERROR] Failed to load resource: the server responded with a status of 401 (Unauthorized) @ http://localhost:8081/notifications/stream?ticket=7813720f-4b2d-4d30-9955-59f2217e6dac:0
[   28516ms] [ERROR] Failed to load resource: the server responded with a status of 401 (Unauthorized) @ http://localhost:8081/notifications/stream?ticket=edfd1c28-dd3b-49d7-b71d-135caecbe789:0
[   29531ms] [ERROR] Failed to load resource: the server responded with a status of 401 (Unauthorized) @ http://localhost:8081/notifications/stream?ticket=549e7538-2a27-4e70-9eb1-f547072d8600:0
[   30545ms] [ERROR] Failed to load resource: the server responded with a status of 401 (Unauthorized) @ http://localhost:8081/notifications/stream?ticket=241054e8-59c0-4025-a00f-d8a1b500580d:0
[   31557ms] [ERROR] Failed to load resource: the server responded with a status of 401 (Unauthorized) @ http://localhost:8081/notifications/stream?ticket=9ed611ca-dd8e-4eb5-8982-7149254532fc:0
[   32565ms] [ERROR] Failed to load resource: the server responded with a status of 401 (Unauthorized) @ http://localhost:8081/notifications/stream?ticket=d2bface7-10c4-4585-8a83-778a96282775:0
[   33581ms] [ERROR] Failed to load resource: the server responded with a status of 401 (Unauthorized) @ http://localhost:8081/notifications/stream?ticket=f835f08d-bafe-446d-8230-cf1987fc6124:0
[   34592ms] [ERROR] Failed to load resource: the server responded with a status of 401 (Unauthorized) @ http://localhost:8081/notifications/stream?ticket=f1465e3d-5252-4c16-8766-5b3cc4e75b0f:0
[   35608ms] [ERROR] Failed to load resource: the server responded with a status of 401 (Unauthorized) @ http://localhost:8081/notifications/stream?ticket=8007a32d-3197-4a7e-ad91-6d61ef56bfc7:0
[   36620ms] [ERROR] Failed to load resource: the server responded with a status of 401 (Unauthorized) @ http://localhost:8081/notifications/stream?ticket=c0c48e34-378f-43dc-9db3-d561c81e82f6:0
[   37632ms] [ERROR] Failed to load resource: the server responded with a status of 401 (Unauthorized) @ http://localhost:8081/notifications/stream?ticket=becce099-94fa-47ee-a9e2-ad0ee3796354:0
[   38644ms] [ERROR] Failed to load resource: the server responded with a status of 401 (Unauthorized) @ http://localhost:8081/notifications/stream?ticket=5474aa82-e969-44ee-811b-322a452530b2:0
[   39650ms] [ERROR] Failed to load resource: the server responded with a status of 401 (Unauthorized) @ http://localhost:8081/notifications/stream?ticket=d385159a-867b-4074-af20-3a01e6c8f893:0
[   40662ms] [ERROR] Failed to load resource: the server responded with a status of 401 (Unauthorized) @ http://localhost:8081/notifications/stream?ticket=7289165a-0c27-4d09-91d9-d712aee2c1de:0
[   41676ms] [ERROR] Failed to load resource: the server responded with a status of 401 (Unauthorized) @ http://localhost:8081/notifications/stream?ticket=6c077c1e-546a-4e29-9138-b1cacca16e59:0
[   42690ms] [ERROR] Failed to load resource: the server responded with a status of 401 (Unauthorized) @ http://localhost:8081/notifications/stream?ticket=352ce1f8-a798-4dcf-b99f-5de84022b9da:0
[   43699ms] [ERROR] Failed to load resource: the server responded with a status of 401 (Unauthorized) @ http://localhost:8081/notifications/stream?ticket=6615f929-ff70-4907-b995-73a59ac7b86e:0
[   44710ms] [ERROR] Failed to load resource: the server responded with a status of 401 (Unauthorized) @ http://localhost:8081/notifications/stream?ticket=3f614c53-f478-412e-96b7-fa2e926dce2a:0
[   45726ms] [ERROR] Failed to load resource: the server responded with a status of 401 (Unauthorized) @ http://localhost:8081/notifications/stream?ticket=bf3e1d4a-0c0e-40fe-9dc8-69f95ddf7a79:0
[   46735ms] [ERROR] Failed to load resource: the server responded with a status of 401 (Unauthorized) @ http://localhost:8081/notifications/stream?ticket=834eba54-0c85-46e4-a609-62827258aa84:0
[   47748ms] [ERROR] Failed to load resource: the server responded with a status of 401 (Unauthorized) @ http://localhost:8081/notifications/stream?ticket=16947b79-f188-4ab8-9ade-266e44e1238b:0
[   48762ms] [ERROR] Failed to load resource: the server responded with a status of 401 (Unauthorized) @ http://localhost:8081/notifications/stream?ticket=10391d3d-0346-49aa-b0de-375d25a626c8:0
[   49776ms] [ERROR] Failed to load resource: the server responded with a status of 401 (Unauthorized) @ http://localhost:8081/notifications/stream?ticket=d3331e21-fbe4-4b33-9383-9704e4f798c5:0
[   50794ms] [ERROR] Failed to load resource: the server responded with a status of 401 (Unauthorized) @ http://localhost:8081/notifications/stream?ticket=96a22e24-f773-4f5d-8bd0-94b065df0576:0
[   51809ms] [ERROR] Failed to load resource: the server responded with a status of 401 (Unauthorized) @ http://localhost:8081/notifications/stream?ticket=9c4cf07a-6034-48aa-a773-6342b25fc4ee:0
[   52820ms] [ERROR] Failed to load resource: the server responded with a status of 401 (Unauthorized) @ http://localhost:8081/notifications/stream?ticket=f2db0fb1-0a9a-4854-8dbd-75c710b368cb:0
[   53833ms] [ERROR] Failed to load resource: the server responded with a status of 401 (Unauthorized) @ http://localhost:8081/notifications/stream?ticket=4607ad3c-7662-4bdd-9f08-860bae6a6b56:0
[   54841ms] [ERROR] Failed to load resource: the server responded with a status of 401 (Unauthorized) @ http://localhost:8081/notifications/stream?ticket=5594bb78-7baf-4377-92bd-3ec55fe042e7:0
[   55857ms] [ERROR] Failed to load resource: the server responded with a status of 401 (Unauthorized) @ http://localhost:8081/notifications/stream?ticket=1231951d-ca4c-46cf-b5c0-e71d911bf193:0
[   56867ms] [ERROR] Failed to load resource: the server responded with a status of 401 (Unauthorized) @ http://localhost:8081/notifications/stream?ticket=18162046-50c8-4736-a268-35b7b96c7668:0
[   57874ms] [ERROR] Failed to load resource: the server responded with a status of 401 (Unauthorized) @ http://localhost:8081/notifications/stream?ticket=6ace6bdf-fe91-4122-9024-f6c87ced295a:0
[   58882ms] [ERROR] Failed to load resource: the server responded with a status of 401 (Unauthorized) @ http://localhost:8081/notifications/stream?ticket=a740ea1c-eebd-4c73-94d9-efeb5dfe0a82:0
[   59891ms] [ERROR] Failed to load resource: the server responded with a status of 401 (Unauthorized) @ http://localhost:8081/notifications/stream?ticket=4303bdad-4f00-4eec-ba66-22c8ec6a4fe8:0
[   60903ms] [ERROR] Failed to load resource: the server responded with a status of 401 (Unauthorized) @ http://localhost:8081/notifications/stream?ticket=d2e0609d-60ca-4e76-bb1f-4cc3141cfe03:0
[   61913ms] [ERROR] Failed to load resource: the server responded with a status of 401 (Unauthorized) @ http://localhost:8081/notifications/stream?ticket=77a8ec0a-a3a1-4a0a-a3d7-be1b90edc27b:0
[   62930ms] [ERROR] Failed to load resource: the server responded with a status of 401 (Unauthorized) @ http://localhost:8081/notifications/stream?ticket=34936200-8eb1-4aaa-8330-5b00a061c81a:0
[   63940ms] [ERROR] Failed to load resource: the server responded with a status of 401 (Unauthorized) @ http://localhost:8081/notifications/stream?ticket=966296f2-3e9a-484f-b1ae-cfc91f28a6b7:0
[   64947ms] [ERROR] Failed to load resource: the server responded with a status of 401 (Unauthorized) @ http://localhost:8081/notifications/stream?ticket=abac56ad-0647-41d1-827e-a517684a902a:0
[   65963ms] [ERROR] Failed to load resource: the server responded with a status of 401 (Unauthorized) @ http://localhost:8081/notifications/stream?ticket=52199a68-e22e-4292-889b-f5283f79e89d:0
[   66978ms] [ERROR] Failed to load resource: the server responded with a status of 401 (Unauthorized) @ http://localhost:8081/notifications/stream?ticket=c751ea9c-dbaf-4322-a338-8ef873848352:0
[   67991ms] [ERROR] Failed to load resource: the server responded with a status of 401 (Unauthorized) @ http://localhost:8081/notifications/stream?ticket=5f7fdbcb-7b23-401c-aaff-562c5573618c:0
[   69004ms] [ERROR] Failed to load resource: the server responded with a status of 401 (Unauthorized) @ http://localhost:8081/notifications/stream?ticket=8a7d70ee-e480-472c-b7c9-13b445f8e552:0
[   70015ms] [ERROR] Failed to load resource: the server responded with a status of 401 (Unauthorized) @ http://localhost:8081/notifications/stream?ticket=357c0407-f9ae-45ae-bc94-d223434246b4:0
[   71024ms] [ERROR] Failed to load resource: the server responded with a status of 401 (Unauthorized) @ http://localhost:8081/notifications/stream?ticket=64cf064c-4c57-4141-84cb-47eaf00baf03:0
[   72032ms] [ERROR] Failed to load resource: the server responded with a status of 401 (Unauthorized) @ http://localhost:8081/notifications/stream?ticket=57ce38f3-800e-4771-bcc5-854ea38e2261:0
[   73046ms] [ERROR] Failed to load resource: the server responded with a status of 401 (Unauthorized) @ http://localhost:8081/notifications/stream?ticket=952de3ba-4cfb-4c97-aa2b-89006ffe373b:0
[   74060ms] [ERROR] Failed to load resource: the server responded with a status of 401 (Unauthorized) @ http://localhost:8081/notifications/stream?ticket=23225f53-17aa-4760-9a9b-e3c4d06d94a7:0
[   75070ms] [ERROR] Failed to load resource: the server responded with a status of 401 (Unauthorized) @ http://localhost:8081/notifications/stream?ticket=0e99b6ad-9c07-4048-a5f7-f210c7c7d982:0
[   76081ms] [ERROR] Failed to load resource: the server responded with a status of 401 (Unauthorized) @ http://localhost:8081/notifications/stream?ticket=3d68d365-ded0-4b45-920e-15ec88e62537:0
[   77096ms] [ERROR] Failed to load resource: the server responded with a status of 401 (Unauthorized) @ http://localhost:8081/notifications/stream?ticket=c9e1a50a-a640-466a-8ebd-703410b2c5d1:0
[   78108ms] [ERROR] Failed to load resource: the server responded with a status of 401 (Unauthorized) @ http://localhost:8081/notifications/stream?ticket=3aa54bde-d930-4679-bb38-833cd0449432:0
[   79120ms] [ERROR] Failed to load resource: the server responded with a status of 401 (Unauthorized) @ http://localhost:8081/notifications/stream?ticket=00ac4436-4282-4baa-b87e-8b12c4b5e60a:0
[   80130ms] [ERROR] Failed to load resource: the server responded with a status of 401 (Unauthorized) @ http://localhost:8081/notifications/stream?ticket=45b2a449-abb0-4556-90d5-7b2919d6059a:0
[   81144ms] [ERROR] Failed to load resource: the server responded with a status of 401 (Unauthorized) @ http://localhost:8081/notifications/stream?ticket=b684ff9e-e55e-47e7-9f22-1780c8b30607:0
[   82159ms] [ERROR] Failed to load resource: the server responded with a status of 401 (Unauthorized) @ http://localhost:8081/notifications/stream?ticket=467e4b07-db22-49d8-a4ce-456d5bad520c:0
[   83171ms] [ERROR] Failed to load resource: the server responded with a status of 401 (Unauthorized) @ http://localhost:8081/notifications/stream?ticket=a571ddb2-9147-4f8c-a226-2908c9b441a8:0
[   84178ms] [ERROR] Failed to load resource: the server responded with a status of 401 (Unauthorized) @ http://localhost:8081/notifications/stream?ticket=27e26cc7-9be6-47f5-a4f9-9c66aa2c5606:0
[   85191ms] [ERROR] Failed to load resource: the server responded with a status of 401 (Unauthorized) @ http://localhost:8081/notifications/stream?ticket=b1fc97ea-a58d-472a-a2d4-1da94b10fe82:0
[   86207ms] [ERROR] Failed to load resource: the server responded with a status of 401 (Unauthorized) @ http://localhost:8081/notifications/stream?ticket=48d4178b-893d-474f-b6d5-82a69b65d108:0
[   87220ms] [ERROR] Failed to load resource: the server responded with a status of 401 (Unauthorized) @ http://localhost:8081/notifications/stream?ticket=15d86845-2b7d-4a9b-9c1f-2fbfacf7d8ee:0
[   88229ms] [ERROR] Failed to load resource: the server responded with a status of 401 (Unauthorized) @ http://localhost:8081/notifications/stream?ticket=83c92103-439c-4a67-8b06-112dda683052:0
[   89241ms] [ERROR] Failed to load resource: the server responded with a status of 401 (Unauthorized) @ http://localhost:8081/notifications/stream?ticket=f9af6b76-5e49-466f-a227-c28ea16a27b2:0
[   90250ms] [ERROR] Failed to load resource: the server responded with a status of 401 (Unauthorized) @ http://localhost:8081/notifications/stream?ticket=b50f709b-5428-4b4d-8621-0a18b5fd2ea7:0
[   91260ms] [ERROR] Failed to load resource: the server responded with a status of 401 (Unauthorized) @ http://localhost:8081/notifications/stream?ticket=ae30eee9-075e-4f31-9006-18aa9a004211:0
[   92274ms] [ERROR] Failed to load resource: the server responded with a status of 401 (Unauthorized) @ http://localhost:8081/notifications/stream?ticket=31d53213-e449-4fc8-b064-321925f7c81d:0
[   93285ms] [ERROR] Failed to load resource: the server responded with a status of 401 (Unauthorized) @ http://localhost:8081/notifications/stream?ticket=52a354da-0f51-4607-aa12-6656334bc2eb:0
[   94297ms] [ERROR] Failed to load resource: the server responded with a status of 401 (Unauthorized) @ http://localhost:8081/notifications/stream?ticket=a1b0d2e6-380c-4c0f-87e9-e1b6f8a9ae2c:0
[   95313ms] [ERROR] Failed to load resource: the server responded with a status of 401 (Unauthorized) @ http://localhost:8081/notifications/stream?ticket=afff6431-0aaa-4bb7-8ca8-a988d087d951:0
[   96329ms] [ERROR] Failed to load resource: the server responded with a status of 401 (Unauthorized) @ http://localhost:8081/notifications/stream?ticket=a9e50b94-0515-421a-8269-033f58d16a6c:0
[   97339ms] [ERROR] Failed to load resource: the server responded with a status of 401 (Unauthorized) @ http://localhost:8081/notifications/stream?ticket=893a0f80-379a-489e-b53d-6e94e26979e5:0
[   98350ms] [ERROR] Failed to load resource: the server responded with a status of 401 (Unauthorized) @ http://localhost:8081/notifications/stream?ticket=7063b9af-3c48-433b-a04d-e593520ffca9:0
[   99362ms] [ERROR] Failed to load resource: the server responded with a status of 401 (Unauthorized) @ http://localhost:8081/notifications/stream?ticket=5802fe3c-d4f4-43e7-8289-0dfc0a4192e5:0
[  100369ms] [ERROR] Failed to load resource: the server responded with a status of 401 (Unauthorized) @ http://localhost:8081/notifications/stream?ticket=6bad7d24-2baa-4b34-80e0-cd1de7150dc3:0
[  101384ms] [ERROR] Failed to load resource: the server responded with a status of 401 (Unauthorized) @ http://localhost:8081/notifications/stream?ticket=d8a0e675-9b62-43ee-b5a1-2fee616db081:0
[  102399ms] [ERROR] Failed to load resource: the server responded with a status of 401 (Unauthorized) @ http://localhost:8081/notifications/stream?ticket=afab9b2a-5ba6-40b3-bbc9-cbbef12f2b45:0
[  103414ms] [ERROR] Failed to load resource: the server responded with a status of 401 (Unauthorized) @ http://localhost:8081/notifications/stream?ticket=ed849f8a-504e-4fea-9e7c-d2721f603acd:0
[  104427ms] [ERROR] Failed to load resource: the server responded with a status of 401 (Unauthorized) @ http://localhost:8081/notifications/stream?ticket=e90a43b2-3c94-4d90-82fb-1486e20f5f4e:0
[  105438ms] [ERROR] Failed to load resource: the server responded with a status of 401 (Unauthorized) @ http://localhost:8081/notifications/stream?ticket=e5524dae-7079-40b3-8636-bc5e15dcfdc5:0
[  106449ms] [ERROR] Failed to load resource: the server responded with a status of 401 (Unauthorized) @ http://localhost:8081/notifications/stream?ticket=9ae2ee4b-7dc0-427c-b6c9-74656f6ae63b:0
[  107460ms] [ERROR] Failed to load resource: the server responded with a status of 401 (Unauthorized) @ http://localhost:8081/notifications/stream?ticket=f17eab88-b2f3-42ea-ab87-91828bb55e85:0
[  108473ms] [ERROR] Failed to load resource: the server responded with a status of 401 (Unauthorized) @ http://localhost:8081/notifications/stream?ticket=36909385-1732-4488-a213-516306300273:0
[  109484ms] [ERROR] Failed to load resource: the server responded with a status of 401 (Unauthorized) @ http://localhost:8081/notifications/stream?ticket=8b923c96-b063-4aae-9527-d2d5e5fca8a2:0
[  110496ms] [ERROR] Failed to load resource: the server responded with a status of 401 (Unauthorized) @ http://localhost:8081/notifications/stream?ticket=ebfc1a1f-b8ea-4beb-b8b8-f2e5e88fcd96:0
[  111513ms] [ERROR] Failed to load resource: the server responded with a status of 401 (Unauthorized) @ http://localhost:8081/notifications/stream?ticket=4a62cb5c-2aff-470a-85c2-4f1b1e4b648b:0
[  112526ms] [ERROR] Failed to load resource: the server responded with a status of 401 (Unauthorized) @ http://localhost:8081/notifications/stream?ticket=845dd474-df26-4e6b-b24a-770f83fa348a:0
[  113537ms] [ERROR] Failed to load resource: the server responded with a status of 401 (Unauthorized) @ http://localhost:8081/notifications/stream?ticket=673fab71-ba6c-4cd9-a70f-4b12add25f6f:0
[  114545ms] [ERROR] Failed to load resource: the server responded with a status of 401 (Unauthorized) @ http://localhost:8081/notifications/stream?ticket=87563793-f8d7-43f0-ad07-b864e21bd0cb:0
[  115558ms] [ERROR] Failed to load resource: the server responded with a status of 401 (Unauthorized) @ http://localhost:8081/notifications/stream?ticket=883673e1-ed5a-495d-856c-06a17372df85:0
[  116574ms] [ERROR] Failed to load resource: the server responded with a status of 401 (Unauthorized) @ http://localhost:8081/notifications/stream?ticket=92f8551e-8552-4f59-8951-9f0c44e1d4e5:0
[  117585ms] [ERROR] Failed to load resource: the server responded with a status of 401 (Unauthorized) @ http://localhost:8081/notifications/stream?ticket=91bd7ea5-e13a-47ae-949a-ad7fda46f9e6:0
[  118598ms] [ERROR] Failed to load resource: the server responded with a status of 401 (Unauthorized) @ http://localhost:8081/notifications/stream?ticket=8a9c801a-9562-4a03-aadb-fdb102ce42fe:0
[  119604ms] [ERROR] Failed to load resource: the server responded with a status of 401 (Unauthorized) @ http://localhost:8081/notifications/stream?ticket=45b274f4-4b32-483b-9b7b-f9e1e93f52b9:0
[  120615ms] [ERROR] Failed to load resource: the server responded with a status of 401 (Unauthorized) @ http://localhost:8081/notifications/stream?ticket=be8eeac2-b867-4203-a195-bf6504cc567b:0
[  121632ms] [ERROR] Failed to load resource: the server responded with a status of 401 (Unauthorized) @ http://localhost:8081/notifications/stream?ticket=43a6e764-d9f4-45d9-905a-d305b18faa12:0
[  122646ms] [ERROR] Failed to load resource: the server responded with a status of 401 (Unauthorized) @ http://localhost:8081/notifications/stream?ticket=a47428c6-bc0d-4fbf-aeb3-d4d6de2ae3b3:0
[  123655ms] [ERROR] Failed to load resource: the server responded with a status of 401 (Unauthorized) @ http://localhost:8081/notifications/stream?ticket=abc73a34-bb0a-42dc-87d2-719b596d3c55:0
[  124665ms] [ERROR] Failed to load resource: the server responded with a status of 401 (Unauthorized) @ http://localhost:8081/notifications/stream?ticket=973aee35-2aac-4bde-923c-af5aeea344cd:0
[  125677ms] [ERROR] Failed to load resource: the server responded with a status of 401 (Unauthorized) @ http://localhost:8081/notifications/stream?ticket=119de8ea-023c-413d-b875-ddf8e333659f:0
[  126691ms] [ERROR] Failed to load resource: the server responded with a status of 401 (Unauthorized) @ http://localhost:8081/notifications/stream?ticket=dc59014c-a144-42fd-bb11-41fcb959f3ce:0
[  127703ms] [ERROR] Failed to load resource: the server responded with a status of 401 (Unauthorized) @ http://localhost:8081/notifications/stream?ticket=4550df9a-e9a0-44a6-bce0-9b93ce93f6e0:0
[  128713ms] [ERROR] Failed to load resource: the server responded with a status of 401 (Unauthorized) @ http://localhost:8081/notifications/stream?ticket=d670b70c-2a20-4d72-9dbd-d607373683c5:0
[  129726ms] [ERROR] Failed to load resource: the server responded with a status of 401 (Unauthorized) @ http://localhost:8081/notifications/stream?ticket=134dcf4b-e11e-4bfa-b4f5-17dec9046765:0
[  130741ms] [ERROR] Failed to load resource: the server responded with a status of 401 (Unauthorized) @ http://localhost:8081/notifications/stream?ticket=481b26b8-7e1b-4d81-a909-c7f6c3f7df5e:0
[  131752ms] [ERROR] Failed to load resource: the server responded with a status of 401 (Unauthorized) @ http://localhost:8081/notifications/stream?ticket=194d94f3-74bc-4696-b82f-f1aea40f4dc1:0
[  132762ms] [ERROR] Failed to load resource: the server responded with a status of 401 (Unauthorized) @ http://localhost:8081/notifications/stream?ticket=c7e20bf6-62b9-4693-8392-64879c728c08:0
[  133776ms] [ERROR] Failed to load resource: the server responded with a status of 401 (Unauthorized) @ http://localhost:8081/notifications/stream?ticket=7bec56fc-e244-4c03-880a-ef65a954bd3c:0
[  134786ms] [ERROR] Failed to load resource: the server responded with a status of 401 (Unauthorized) @ http://localhost:8081/notifications/stream?ticket=5f2db8e0-b1e9-4967-9e7e-edfad59982e8:0
[  135796ms] [ERROR] Failed to load resource: the server responded with a status of 401 (Unauthorized) @ http://localhost:8081/notifications/stream?ticket=79663e6e-9354-4483-bfb8-479401835a4a:0
[  136812ms] [ERROR] Failed to load resource: the server responded with a status of 401 (Unauthorized) @ http://localhost:8081/notifications/stream?ticket=077dfdf4-7b43-4e44-9d51-182ddd916d83:0
[  137821ms] [ERROR] Failed to load resource: the server responded with a status of 401 (Unauthorized) @ http://localhost:8081/notifications/stream?ticket=48914800-f264-4cda-a4a4-055656091e4b:0
[  138834ms] [ERROR] Failed to load resource: the server responded with a status of 401 (Unauthorized) @ http://localhost:8081/notifications/stream?ticket=4f78702f-f4b3-4a88-ba00-e7fc30d5c535:0
[  139849ms] [ERROR] Failed to load resource: the server responded with a status of 401 (Unauthorized) @ http://localhost:8081/notifications/stream?ticket=b7d2f3af-608d-4e2a-8bf3-36b89b96c4d9:0
[  140860ms] [ERROR] Failed to load resource: the server responded with a status of 401 (Unauthorized) @ http://localhost:8081/notifications/stream?ticket=d8a2ce63-b8ff-45a7-a616-0191900350a2:0
[  141897ms] [ERROR] Failed to load resource: the server responded with a status of 401 (Unauthorized) @ http://localhost:8081/notifications/stream?ticket=9630dec6-4782-417d-b648-7411a96df795:0
[  142909ms] [ERROR] Failed to load resource: the server responded with a status of 401 (Unauthorized) @ http://localhost:8081/notifications/stream?ticket=c22a87f4-4147-432b-8773-146328d6f09c:0
[  143919ms] [ERROR] Failed to load resource: the server responded with a status of 401 (Unauthorized) @ http://localhost:8081/notifications/stream?ticket=1cde6955-aafd-4fed-b900-57aeb027ff6a:0
[  144930ms] [ERROR] Failed to load resource: the server responded with a status of 401 (Unauthorized) @ http://localhost:8081/notifications/stream?ticket=6b87ba0b-97c9-4723-96fd-ff2ff3796e76:0
[  145940ms] [ERROR] Failed to load resource: the server responded with a status of 401 (Unauthorized) @ http://localhost:8081/notifications/stream?ticket=21ff6fbe-7fb6-449e-9f33-31563f6e487c:0
[  146953ms] [ERROR] Failed to load resource: the server responded with a status of 401 (Unauthorized) @ http://localhost:8081/notifications/stream?ticket=abadb07f-b39a-45b4-ae37-34915cf5ec59:0
[  147959ms] [ERROR] Failed to load resource: the server responded with a status of 401 (Unauthorized) @ http://localhost:8081/notifications/stream?ticket=66877567-0bec-4c91-abd3-3afcfd76f9df:0
[  148967ms] [ERROR] Failed to load resource: the server responded with a status of 401 (Unauthorized) @ http://localhost:8081/notifications/stream?ticket=7d1aae2e-d532-4e5e-9948-29aed50cc289:0
[  149978ms] [ERROR] Failed to load resource: the server responded with a status of 401 (Unauthorized) @ http://localhost:8081/notifications/stream?ticket=fb728699-65e7-4e62-b16c-6e154dd74466:0
[  150986ms] [ERROR] Failed to load resource: the server responded with a status of 401 (Unauthorized) @ http://localhost:8081/notifications/stream?ticket=d28afdfb-3192-47fa-9f55-7e5fc502e1a4:0
[  151994ms] [ERROR] Failed to load resource: the server responded with a status of 401 (Unauthorized) @ http://localhost:8081/notifications/stream?ticket=83f501ac-0e19-4da9-bb23-0f4da9e51f1a:0
[  153008ms] [ERROR] Failed to load resource: the server responded with a status of 401 (Unauthorized) @ http://localhost:8081/notifications/stream?ticket=26e0cdfb-397b-4424-8a95-9a4eaf4fa644:0
[  154019ms] [ERROR] Failed to load resource: the server responded with a status of 401 (Unauthorized) @ http://localhost:8081/notifications/stream?ticket=e2d0b956-cae6-4cec-be71-3b34129d6873:0
[  155031ms] [ERROR] Failed to load resource: the server responded with a status of 401 (Unauthorized) @ http://localhost:8081/notifications/stream?ticket=c6adabf6-5727-4dd5-ab12-a9399f0d82a8:0
[  156045ms] [ERROR] Failed to load resource: the server responded with a status of 401 (Unauthorized) @ http://localhost:8081/notifications/stream?ticket=b4193629-3274-4e9e-9297-0d12d9ae5cf5:0
[  157054ms] [ERROR] Failed to load resource: the server responded with a status of 401 (Unauthorized) @ http://localhost:8081/notifications/stream?ticket=537c3b01-ed06-4d2b-8c00-295e4d775f46:0
[  158064ms] [ERROR] Failed to load resource: the server responded with a status of 401 (Unauthorized) @ http://localhost:8081/notifications/stream?ticket=3e2c6665-2cec-4495-82d3-513018506754:0
[  159078ms] [ERROR] Failed to load resource: the server responded with a status of 401 (Unauthorized) @ http://localhost:8081/notifications/stream?ticket=d45492f8-695d-475d-b093-ea05c4144d5f:0
[  160092ms] [ERROR] Failed to load resource: the server responded with a status of 401 (Unauthorized) @ http://localhost:8081/notifications/stream?ticket=da1b71e3-d0db-414d-a954-7545336a8f59:0
[  161102ms] [ERROR] Failed to load resource: the server responded with a status of 401 (Unauthorized) @ http://localhost:8081/notifications/stream?ticket=d5359ef8-3eba-4443-b8ae-19b7386b07a2:0
[  162113ms] [ERROR] Failed to load resource: the server responded with a status of 401 (Unauthorized) @ http://localhost:8081/notifications/stream?ticket=737c1495-9cc8-453e-b01f-315b107cdb77:0
[  163125ms] [ERROR] Failed to load resource: the server responded with a status of 401 (Unauthorized) @ http://localhost:8081/notifications/stream?ticket=633169bc-478b-4f4a-a14e-44b185ba8a85:0
[  164131ms] [ERROR] Failed to load resource: the server responded with a status of 401 (Unauthorized) @ http://localhost:8081/notifications/stream?ticket=53109bb6-2f20-4f9d-9393-d02056606e2e:0
[  165148ms] [ERROR] Failed to load resource: the server responded with a status of 401 (Unauthorized) @ http://localhost:8081/notifications/stream?ticket=7a34c954-2658-40eb-b8f1-d3ff2bfff420:0
[  166162ms] [ERROR] Failed to load resource: the server responded with a status of 401 (Unauthorized) @ http://localhost:8081/notifications/stream?ticket=6413dcbd-757d-4113-aa4c-17b6302d29af:0
[  167174ms] [ERROR] Failed to load resource: the server responded with a status of 401 (Unauthorized) @ http://localhost:8081/notifications/stream?ticket=5c3220d7-6574-4905-96e5-0d0852f594c5:0
[  168185ms] [ERROR] Failed to load resource: the server responded with a status of 401 (Unauthorized) @ http://localhost:8081/notifications/stream?ticket=dd7aa0fb-8897-43fb-b524-0f1b848aa3b1:0
[  169195ms] [ERROR] Failed to load resource: the server responded with a status of 401 (Unauthorized) @ http://localhost:8081/notifications/stream?ticket=ce798a19-10f5-448e-8fec-a1ed508bed25:0
[  170210ms] [ERROR] Failed to load resource: the server responded with a status of 401 (Unauthorized) @ http://localhost:8081/notifications/stream?ticket=136e4fa1-23e0-43d2-959b-9927236223da:0
[  171220ms] [ERROR] Failed to load resource: the server responded with a status of 401 (Unauthorized) @ http://localhost:8081/notifications/stream?ticket=cdeb004a-7cba-4111-a9bf-6baa000d758b:0
[  172233ms] [ERROR] Failed to load resource: the server responded with a status of 401 (Unauthorized) @ http://localhost:8081/notifications/stream?ticket=791ed469-b235-4f66-a89e-f6bf050dd673:0
[  173246ms] [ERROR] Failed to load resource: the server responded with a status of 401 (Unauthorized) @ http://localhost:8081/notifications/stream?ticket=835489fa-6010-4225-a0fc-ae31c4b0dcbb:0
[  174250ms] [ERROR] Failed to load resource: the server responded with a status of 401 (Unauthorized) @ http://localhost:8081/notifications/stream?ticket=5ea46b95-4ab5-49af-8def-ad65f8cd79ec:0
[  175255ms] [ERROR] Failed to load resource: the server responded with a status of 401 (Unauthorized) @ http://localhost:8081/notifications/stream?ticket=a3dab0af-8384-4c00-8fb0-8f5bfe207046:0
[  176261ms] [ERROR] Failed to load resource: the server responded with a status of 401 (Unauthorized) @ http://localhost:8081/notifications/stream?ticket=a6681544-9027-4aa3-8b1a-6510d8847b2c:0
[  177275ms] [ERROR] Failed to load resource: the server responded with a status of 401 (Unauthorized) @ http://localhost:8081/notifications/stream?ticket=1d78e23d-c0cb-4a2e-986e-71f48b4c0e60:0
[  178282ms] [ERROR] Failed to load resource: the server responded with a status of 401 (Unauthorized) @ http://localhost:8081/notifications/stream?ticket=0d4f6159-8b4c-447c-b58b-986406b52c54:0
[  179291ms] [ERROR] Failed to load resource: the server responded with a status of 401 (Unauthorized) @ http://localhost:8081/notifications/stream?ticket=c6a872ab-a6f7-4329-a748-49f49d89967a:0
[  180296ms] [ERROR] Failed to load resource: the server responded with a status of 401 (Unauthorized) @ http://localhost:8081/notifications/stream?ticket=a6b59b55-95c9-4fdc-8d05-705a4549ae40:0
[  181302ms] [ERROR] Failed to load resource: the server responded with a status of 401 (Unauthorized) @ http://localhost:8081/notifications/stream?ticket=3c4455a8-ad79-420e-b8c0-141b0d12542f:0
[  182316ms] [ERROR] Failed to load resource: the server responded with a status of 401 (Unauthorized) @ http://localhost:8081/notifications/stream?ticket=1fa9342b-0e75-4d7f-81de-bcf30b3a9d52:0
[  183329ms] [ERROR] Failed to load resource: the server responded with a status of 401 (Unauthorized) @ http://localhost:8081/notifications/stream?ticket=d8e0ecb5-4999-40e9-adaf-01bbcc1ca949:0
[  184345ms] [ERROR] Failed to load resource: the server responded with a status of 401 (Unauthorized) @ http://localhost:8081/notifications/stream?ticket=a90ff97a-fd6e-4abc-abfa-0f756e336981:0
[  185353ms] [ERROR] Failed to load resource: the server responded with a status of 401 (Unauthorized) @ http://localhost:8081/notifications/stream?ticket=9e62891c-27df-4be8-8e9a-e8ff94445ca5:0
[  186364ms] [ERROR] Failed to load resource: the server responded with a status of 401 (Unauthorized) @ http://localhost:8081/notifications/stream?ticket=b0090311-c696-498c-a22f-3fba14b96f62:0
[  187380ms] [ERROR] Failed to load resource: the server responded with a status of 401 (Unauthorized) @ http://localhost:8081/notifications/stream?ticket=d80834a9-f3f3-45b1-ba29-6845a85f8228:0
[  188393ms] [ERROR] Failed to load resource: the server responded with a status of 401 (Unauthorized) @ http://localhost:8081/notifications/stream?ticket=97fcaa76-2f1a-4454-9928-e68f86319479:0
[  189402ms] [ERROR] Failed to load resource: the server responded with a status of 401 (Unauthorized) @ http://localhost:8081/notifications/stream?ticket=85ad8a7a-ca06-46cf-bef0-c695846e87b9:0
[  190414ms] [ERROR] Failed to load resource: the server responded with a status of 401 (Unauthorized) @ http://localhost:8081/notifications/stream?ticket=42e0930d-e74a-4bda-ab4e-ca5f6cdbaa2c:0
[  191425ms] [ERROR] Failed to load resource: the server responded with a status of 401 (Unauthorized) @ http://localhost:8081/notifications/stream?ticket=9b82d563-594b-44b4-9e3e-39fecda0db27:0
[  192436ms] [ERROR] Failed to load resource: the server responded with a status of 401 (Unauthorized) @ http://localhost:8081/notifications/stream?ticket=148a1cf5-ec92-41dd-9498-a392283fc061:0
[  193445ms] [ERROR] Failed to load resource: the server responded with a status of 401 (Unauthorized) @ http://localhost:8081/notifications/stream?ticket=0ab17dc6-f37e-4b75-9c0b-1faed3ed07c8:0
[  194452ms] [ERROR] Failed to load resource: the server responded with a status of 401 (Unauthorized) @ http://localhost:8081/notifications/stream?ticket=cb3508a4-754e-41c7-ad85-eaf426d30e31:0
[  195461ms] [ERROR] Failed to load resource: the server responded with a status of 401 (Unauthorized) @ http://localhost:8081/notifications/stream?ticket=2b761a16-1400-453b-b321-55c9db5c4a43:0
[  196475ms] [ERROR] Failed to load resource: the server responded with a status of 401 (Unauthorized) @ http://localhost:8081/notifications/stream?ticket=7ca0c909-e90b-46a7-9766-1763fbc2c864:0
[  197479ms] [ERROR] Failed to load resource: the server responded with a status of 401 (Unauthorized) @ http://localhost:8081/notifications/stream?ticket=43bbb4a4-20e5-4836-9468-44ed1af0fa48:0
[  198486ms] [ERROR] Failed to load resource: the server responded with a status of 401 (Unauthorized) @ http://localhost:8081/notifications/stream?ticket=d9c2e782-eb53-49ac-8c9e-88f7e235adf3:0
[  199496ms] [ERROR] Failed to load resource: the server responded with a status of 401 (Unauthorized) @ http://localhost:8081/notifications/stream?ticket=6b4d383c-415a-4f07-8564-d58e6e82be14:0
[  200508ms] [ERROR] Failed to load resource: the server responded with a status of 401 (Unauthorized) @ http://localhost:8081/notifications/stream?ticket=ea21968c-5e3f-4ba1-a173-69f205e87745:0
[  201513ms] [ERROR] Failed to load resource: the server responded with a status of 401 (Unauthorized) @ http://localhost:8081/notifications/stream?ticket=a42f3fb5-2f55-4232-94e3-e90aab1f06c2:0
[  202530ms] [ERROR] Failed to load resource: the server responded with a status of 401 (Unauthorized) @ http://localhost:8081/notifications/stream?ticket=12c3c9e3-2b87-4b8c-b1c9-d2378f918adc:0
[  203536ms] [ERROR] Failed to load resource: the server responded with a status of 401 (Unauthorized) @ http://localhost:8081/notifications/stream?ticket=9254b98d-0766-4755-8567-c94b24478339:0
[  204548ms] [ERROR] Failed to load resource: the server responded with a status of 401 (Unauthorized) @ http://localhost:8081/notifications/stream?ticket=70c439f9-21ee-4a92-934f-bb4391f42fe6:0
[  205556ms] [ERROR] Failed to load resource: the server responded with a status of 401 (Unauthorized) @ http://localhost:8081/notifications/stream?ticket=70bf58c0-2886-4acd-9968-08a2c3030d80:0
[  206568ms] [ERROR] Failed to load resource: the server responded with a status of 401 (Unauthorized) @ http://localhost:8081/notifications/stream?ticket=2e0b9c64-c83c-4dca-af46-e40135ac63c3:0
[  207580ms] [ERROR] Failed to load resource: the server responded with a status of 401 (Unauthorized) @ http://localhost:8081/notifications/stream?ticket=fc21421a-9c25-40f8-bd7c-fafea5ec593d:0
[  208593ms] [ERROR] Failed to load resource: the server responded with a status of 401 (Unauthorized) @ http://localhost:8081/notifications/stream?ticket=e3fcb3fa-f81b-4a0a-ac08-916e16eb2b4e:0
[  209605ms] [ERROR] Failed to load resource: the server responded with a status of 401 (Unauthorized) @ http://localhost:8081/notifications/stream?ticket=293bab27-3758-4f98-a535-008eb8eb9630:0
[  210612ms] [ERROR] Failed to load resource: the server responded with a status of 401 (Unauthorized) @ http://localhost:8081/notifications/stream?ticket=a033642f-700b-4de5-8805-2ecb4465d105:0
[  211625ms] [ERROR] Failed to load resource: the server responded with a status of 401 (Unauthorized) @ http://localhost:8081/notifications/stream?ticket=e366afce-3c55-4868-b980-832006e1573e:0
[  212636ms] [ERROR] Failed to load resource: the server responded with a status of 401 (Unauthorized) @ http://localhost:8081/notifications/stream?ticket=083f772c-043b-4ebc-bcf1-209675b9c6b1:0
[  213648ms] [ERROR] Failed to load resource: the server responded with a status of 401 (Unauthorized) @ http://localhost:8081/notifications/stream?ticket=21123e00-8d08-438c-8e90-92d20654e8cc:0
[  214660ms] [ERROR] Failed to load resource: the server responded with a status of 401 (Unauthorized) @ http://localhost:8081/notifications/stream?ticket=da6bcbb1-4934-4296-8bf9-45f7f0663aa7:0
[  215672ms] [ERROR] Failed to load resource: the server responded with a status of 401 (Unauthorized) @ http://localhost:8081/notifications/stream?ticket=8cfaf011-c507-4ce2-bf8c-baa02b27085d:0
[  216681ms] [ERROR] Failed to load resource: the server responded with a status of 401 (Unauthorized) @ http://localhost:8081/notifications/stream?ticket=33fbb0ae-413e-409c-8872-f3d9e3724f71:0
[  217693ms] [ERROR] Failed to load resource: the server responded with a status of 401 (Unauthorized) @ http://localhost:8081/notifications/stream?ticket=436ef1c1-86d3-4302-b0e3-251bf0cf89a1:0
[  218700ms] [ERROR] Failed to load resource: the server responded with a status of 401 (Unauthorized) @ http://localhost:8081/notifications/stream?ticket=7d25cd4f-6d18-4c90-af01-3b805e2890b3:0
[  219714ms] [ERROR] Failed to load resource: the server responded with a status of 401 (Unauthorized) @ http://localhost:8081/notifications/stream?ticket=7df38a1c-b505-42cb-a17d-ed252f6d4f89:0
[  220722ms] [ERROR] Failed to load resource: the server responded with a status of 401 (Unauthorized) @ http://localhost:8081/notifications/stream?ticket=815d2972-c3b3-48fa-aedc-59d038307a5a:0
[  221730ms] [ERROR] Failed to load resource: the server responded with a status of 401 (Unauthorized) @ http://localhost:8081/notifications/stream?ticket=120fc0f9-4010-49fb-ba94-2835f532d096:0
[  222740ms] [ERROR] Failed to load resource: the server responded with a status of 401 (Unauthorized) @ http://localhost:8081/notifications/stream?ticket=6d6593ab-93fb-4f1c-a712-d70fa4af5d40:0
[  223749ms] [ERROR] Failed to load resource: the server responded with a status of 401 (Unauthorized) @ http://localhost:8081/notifications/stream?ticket=80ccd7c2-7f91-456d-8d81-729c18d3e869:0
[  224757ms] [ERROR] Failed to load resource: the server responded with a status of 401 (Unauthorized) @ http://localhost:8081/notifications/stream?ticket=8a68ce36-e4e5-439c-baa2-8d04ee9b5230:0
[  225766ms] [ERROR] Failed to load resource: the server responded with a status of 401 (Unauthorized) @ http://localhost:8081/notifications/stream?ticket=33e30a92-65b9-4fb8-85d5-6f6cc09f867e:0
[  226773ms] [ERROR] Failed to load resource: the server responded with a status of 401 (Unauthorized) @ http://localhost:8081/notifications/stream?ticket=d51570e7-84d4-45db-99f3-55e340c1edb5:0
[  227780ms] [ERROR] Failed to load resource: the server responded with a status of 401 (Unauthorized) @ http://localhost:8081/notifications/stream?ticket=8f0b512a-2b9b-4581-95a5-89a684328552:0
[  228789ms] [ERROR] Failed to load resource: the server responded with a status of 401 (Unauthorized) @ http://localhost:8081/notifications/stream?ticket=f280388d-f9d9-43e4-bf48-41de1e80c731:0
[  229798ms] [ERROR] Failed to load resource: the server responded with a status of 401 (Unauthorized) @ http://localhost:8081/notifications/stream?ticket=47e8073e-3280-492a-91fe-330367f7a500:0
[  230811ms] [ERROR] Failed to load resource: the server responded with a status of 401 (Unauthorized) @ http://localhost:8081/notifications/stream?ticket=6ae0c720-1909-4e52-a92f-9dea135b2ae5:0
[  231826ms] [ERROR] Failed to load resource: the server responded with a status of 401 (Unauthorized) @ http://localhost:8081/notifications/stream?ticket=44d8f0af-5aaa-411a-b4ba-fe3345f748eb:0
[  232835ms] [ERROR] Failed to load resource: the server responded with a status of 401 (Unauthorized) @ http://localhost:8081/notifications/stream?ticket=ba1d3094-c5b8-4cc4-b628-acd43694fe3a:0
[  233841ms] [ERROR] Failed to load resource: the server responded with a status of 401 (Unauthorized) @ http://localhost:8081/notifications/stream?ticket=1e895880-ebe7-4117-9ed3-90e344dac3bf:0
[  234847ms] [ERROR] Failed to load resource: the server responded with a status of 401 (Unauthorized) @ http://localhost:8081/notifications/stream?ticket=91ecffe9-db65-4816-84d0-389a8675b864:0
[  235859ms] [ERROR] Failed to load resource: the server responded with a status of 401 (Unauthorized) @ http://localhost:8081/notifications/stream?ticket=4659ff83-2246-4b7e-85ce-bfa44d6d3cb1:0
[  236871ms] [ERROR] Failed to load resource: the server responded with a status of 401 (Unauthorized) @ http://localhost:8081/notifications/stream?ticket=dd982438-9fba-4da6-9c55-aaf8768282b3:0
[  237882ms] [ERROR] Failed to load resource: the server responded with a status of 401 (Unauthorized) @ http://localhost:8081/notifications/stream?ticket=f98ce993-da11-4146-8aec-0deab708597c:0
[  238894ms] [ERROR] Failed to load resource: the server responded with a status of 401 (Unauthorized) @ http://localhost:8081/notifications/stream?ticket=389304b1-7ca8-439b-bb86-089563f2e819:0
[  239907ms] [ERROR] Failed to load resource: the server responded with a status of 401 (Unauthorized) @ http://localhost:8081/notifications/stream?ticket=4a6a06d6-9458-4dfd-a688-a757c7dc6dcc:0
[  240920ms] [ERROR] Failed to load resource: the server responded with a status of 401 (Unauthorized) @ http://localhost:8081/notifications/stream?ticket=746d12e1-c6c1-4349-accd-bf51e9fbf360:0
[  241930ms] [ERROR] Failed to load resource: the server responded with a status of 401 (Unauthorized) @ http://localhost:8081/notifications/stream?ticket=279e0fb9-f8a0-4bcd-a224-1517449dec21:0
[  242946ms] [ERROR] Failed to load resource: the server responded with a status of 401 (Unauthorized) @ http://localhost:8081/notifications/stream?ticket=51094beb-0990-4a22-a5ef-6cda6ea85815:0
[  243959ms] [ERROR] Failed to load resource: the server responded with a status of 401 (Unauthorized) @ http://localhost:8081/notifications/stream?ticket=42fa091d-7e2a-4efc-bf99-1de55e04bcf7:0
[  244968ms] [ERROR] Failed to load resource: the server responded with a status of 401 (Unauthorized) @ http://localhost:8081/notifications/stream?ticket=4b22933b-a0a1-4cdb-bf3a-90e092c33394:0
[  245980ms] [ERROR] Failed to load resource: the server responded with a status of 401 (Unauthorized) @ http://localhost:8081/notifications/stream?ticket=47a2ebd5-835e-4ddb-be85-eae1a37841ba:0
[  246993ms] [ERROR] Failed to load resource: the server responded with a status of 401 (Unauthorized) @ http://localhost:8081/notifications/stream?ticket=b3ba0927-94a3-4415-9f33-20cfe609554f:0
[  248012ms] [ERROR] Failed to load resource: the server responded with a status of 401 (Unauthorized) @ http://localhost:8081/notifications/stream?ticket=3d33af99-023a-45f4-90a2-e1c72331f633:0
[  249018ms] [ERROR] Failed to load resource: the server responded with a status of 401 (Unauthorized) @ http://localhost:8081/notifications/stream?ticket=8ec87235-5df4-4f26-ba04-eee968a06ee3:0
[  250028ms] [ERROR] Failed to load resource: the server responded with a status of 401 (Unauthorized) @ http://localhost:8081/notifications/stream?ticket=4785a9b7-f40b-4be4-9b57-e651f56bea11:0
[  251040ms] [ERROR] Failed to load resource: the server responded with a status of 401 (Unauthorized) @ http://localhost:8081/notifications/stream?ticket=06b804b7-e65e-43e3-ba19-443d3217de0e:0
[  252052ms] [ERROR] Failed to load resource: the server responded with a status of 401 (Unauthorized) @ http://localhost:8081/notifications/stream?ticket=bec2bb20-433c-4270-b213-9e4738d75995:0
[  253065ms] [ERROR] Failed to load resource: the server responded with a status of 401 (Unauthorized) @ http://localhost:8081/notifications/stream?ticket=7e59fdc3-717f-46ab-9328-9b4de8894617:0
[  254080ms] [ERROR] Failed to load resource: the server responded with a status of 401 (Unauthorized) @ http://localhost:8081/notifications/stream?ticket=0fe6f49b-0d52-4fa6-87f1-54dec215d2d1:0
[  255094ms] [ERROR] Failed to load resource: the server responded with a status of 401 (Unauthorized) @ http://localhost:8081/notifications/stream?ticket=fcab6ed5-38a6-4f5c-b884-e892f9c6531c:0
[  256099ms] [ERROR] Failed to load resource: the server responded with a status of 401 (Unauthorized) @ http://localhost:8081/notifications/stream?ticket=65f0af80-7915-4326-b563-ce0704570ddc:0
[  257105ms] [ERROR] Failed to load resource: the server responded with a status of 401 (Unauthorized) @ http://localhost:8081/notifications/stream?ticket=e9d95189-ee11-4a47-9d01-50299eeab8dd:0
[  258113ms] [ERROR] Failed to load resource: the server responded with a status of 401 (Unauthorized) @ http://localhost:8081/notifications/stream?ticket=761b011c-a4ef-4d0e-b228-790683670a3c:0
[  259121ms] [ERROR] Failed to load resource: the server responded with a status of 401 (Unauthorized) @ http://localhost:8081/notifications/stream?ticket=02151948-fba3-45b4-bd3a-e5f48b182f56:0
[  260133ms] [ERROR] Failed to load resource: the server responded with a status of 401 (Unauthorized) @ http://localhost:8081/notifications/stream?ticket=360ab297-a968-4183-bc85-e7cc034237d1:0
[  261145ms] [ERROR] Failed to load resource: the server responded with a status of 401 (Unauthorized) @ http://localhost:8081/notifications/stream?ticket=3f8503e8-8587-4b92-b073-fc2a5c205a01:0
[  262158ms] [ERROR] Failed to load resource: the server responded with a status of 401 (Unauthorized) @ http://localhost:8081/notifications/stream?ticket=0025a25a-e634-4a8b-8717-4b55ba388d53:0
[  263176ms] [ERROR] Failed to load resource: the server responded with a status of 401 (Unauthorized) @ http://localhost:8081/notifications/stream?ticket=ca18df80-2da9-4a07-bd69-5349b5344c6d:0
[  264186ms] [ERROR] Failed to load resource: the server responded with a status of 401 (Unauthorized) @ http://localhost:8081/notifications/stream?ticket=559c717c-17bb-4dba-b981-3f5fedfc753e:0
[  265198ms] [ERROR] Failed to load resource: the server responded with a status of 401 (Unauthorized) @ http://localhost:8081/notifications/stream?ticket=8c4a1be2-233e-4692-a5ed-9706161510ea:0
[  266207ms] [ERROR] Failed to load resource: the server responded with a status of 401 (Unauthorized) @ http://localhost:8081/notifications/stream?ticket=38fb8ec9-7460-4b86-80fb-6e3696de509a:0
[  267216ms] [ERROR] Failed to load resource: the server responded with a status of 401 (Unauthorized) @ http://localhost:8081/notifications/stream?ticket=7fca8637-ea3e-45d4-9720-46546a69cc2c:0
[  268222ms] [ERROR] Failed to load resource: the server responded with a status of 401 (Unauthorized) @ http://localhost:8081/notifications/stream?ticket=9738e65b-618f-440a-a013-6b98916a3f6f:0
[  269233ms] [ERROR] Failed to load resource: the server responded with a status of 401 (Unauthorized) @ http://localhost:8081/notifications/stream?ticket=ea8bbed0-3e3f-40d3-9d77-c401f34f6269:0
[  270239ms] [ERROR] Failed to load resource: the server responded with a status of 401 (Unauthorized) @ http://localhost:8081/notifications/stream?ticket=331a2821-7976-4c9d-9446-fc365d1958f7:0
[  271245ms] [ERROR] Failed to load resource: the server responded with a status of 401 (Unauthorized) @ http://localhost:8081/notifications/stream?ticket=a98349a9-f015-4868-ab62-66336edb21a2:0
[  272251ms] [ERROR] Failed to load resource: the server responded with a status of 401 (Unauthorized) @ http://localhost:8081/notifications/stream?ticket=f5ae9fc1-8399-4d44-a1a1-97bdc8c830f0:0
[  273261ms] [ERROR] Failed to load resource: the server responded with a status of 401 (Unauthorized) @ http://localhost:8081/notifications/stream?ticket=f921f7ad-07df-4e4d-bd0a-aa144fee280f:0
[  274267ms] [ERROR] Failed to load resource: the server responded with a status of 401 (Unauthorized) @ http://localhost:8081/notifications/stream?ticket=44fb1977-e7e3-49ef-889d-402299e24f20:0
[  275272ms] [ERROR] Failed to load resource: the server responded with a status of 401 (Unauthorized) @ http://localhost:8081/notifications/stream?ticket=513750ae-5617-4978-8d92-a67a4410fc22:0
[  276276ms] [ERROR] Failed to load resource: the server responded with a status of 401 (Unauthorized) @ http://localhost:8081/notifications/stream?ticket=1d490d69-fc3a-4189-b1af-64cb9fbf4763:0
[  277283ms] [ERROR] Failed to load resource: the server responded with a status of 401 (Unauthorized) @ http://localhost:8081/notifications/stream?ticket=a70425d8-c31b-42aa-a62e-0fe9ef265db3:0
[  278298ms] [ERROR] Failed to load resource: the server responded with a status of 401 (Unauthorized) @ http://localhost:8081/notifications/stream?ticket=40191bef-2684-454b-bd6c-593c6f237fd8:0
[  279306ms] [ERROR] Failed to load resource: the server responded with a status of 401 (Unauthorized) @ http://localhost:8081/notifications/stream?ticket=c6c02dd4-da4a-4880-856f-75ae489815dd:0
[  280318ms] [ERROR] Failed to load resource: the server responded with a status of 401 (Unauthorized) @ http://localhost:8081/notifications/stream?ticket=90e7f770-356a-40c9-b160-89b08103f852:0
[  281330ms] [ERROR] Failed to load resource: the server responded with a status of 401 (Unauthorized) @ http://localhost:8081/notifications/stream?ticket=3edd7f68-6afe-4b52-a8da-04d76bce8bbc:0
[  282344ms] [ERROR] Failed to load resource: the server responded with a status of 401 (Unauthorized) @ http://localhost:8081/notifications/stream?ticket=8eb61078-bd75-4038-9d0c-3940e3284380:0
[  283359ms] [ERROR] Failed to load resource: the server responded with a status of 401 (Unauthorized) @ http://localhost:8081/notifications/stream?ticket=719d2886-53b5-49d6-aa2a-4a48af698e34:0
[  284366ms] [ERROR] Failed to load resource: the server responded with a status of 401 (Unauthorized) @ http://localhost:8081/notifications/stream?ticket=48928288-dd2f-4ad1-888c-6895f0ba6c98:0
[  285380ms] [ERROR] Failed to load resource: the server responded with a status of 401 (Unauthorized) @ http://localhost:8081/notifications/stream?ticket=e223292f-a720-4dec-8857-ae0fe8fdf223:0
[  286393ms] [ERROR] Failed to load resource: the server responded with a status of 401 (Unauthorized) @ http://localhost:8081/notifications/stream?ticket=c75c16a5-550b-4dc4-9157-4044f11f584b:0
[  287402ms] [ERROR] Failed to load resource: the server responded with a status of 401 (Unauthorized) @ http://localhost:8081/notifications/stream?ticket=e635d05e-0afe-4ce9-9414-e37210498704:0
[  288413ms] [ERROR] Failed to load resource: the server responded with a status of 401 (Unauthorized) @ http://localhost:8081/notifications/stream?ticket=05b09c17-6147-47c1-8191-10a9e5f1ffca:0
[  289421ms] [ERROR] Failed to load resource: the server responded with a status of 401 (Unauthorized) @ http://localhost:8081/notifications/stream?ticket=a9487b1f-5aee-415a-b774-5d358fb80d8a:0
[  290430ms] [ERROR] Failed to load resource: the server responded with a status of 401 (Unauthorized) @ http://localhost:8081/notifications/stream?ticket=6cabed32-6536-464e-a2cf-9a82ea3bf767:0
[  291437ms] [ERROR] Failed to load resource: the server responded with a status of 401 (Unauthorized) @ http://localhost:8081/notifications/stream?ticket=fe1376ed-b11b-44fd-8514-16083d649015:0
[  292444ms] [ERROR] Failed to load resource: the server responded with a status of 401 (Unauthorized) @ http://localhost:8081/notifications/stream?ticket=c3fd16b1-c4ad-4f5b-bfa4-88fd9a052765:0
[  293459ms] [ERROR] Failed to load resource: the server responded with a status of 401 (Unauthorized) @ http://localhost:8081/notifications/stream?ticket=bbb18445-82a9-40f2-826c-6d7568d15e53:0
[  294462ms] [ERROR] Failed to load resource: the server responded with a status of 401 (Unauthorized) @ http://localhost:8081/notifications/stream?ticket=a3e79322-538c-4291-950e-4f9e76ee955c:0
[  295468ms] [ERROR] Failed to load resource: the server responded with a status of 401 (Unauthorized) @ http://localhost:8081/notifications/stream?ticket=7a9e6376-db3c-4b41-99c0-19054813253b:0
[  296478ms] [ERROR] Failed to load resource: the server responded with a status of 401 (Unauthorized) @ http://localhost:8081/notifications/stream?ticket=517129fc-25cd-409f-b768-95340661495a:0
[  297484ms] [ERROR] Failed to load resource: the server responded with a status of 401 (Unauthorized) @ http://localhost:8081/notifications/stream?ticket=8f28e76d-e07a-4d04-99ab-59586ced83f2:0
[  298496ms] [ERROR] Failed to load resource: the server responded with a status of 401 (Unauthorized) @ http://localhost:8081/notifications/stream?ticket=e23f1d67-7535-4d2d-bb4a-8ae1902e6748:0
[  299509ms] [ERROR] Failed to load resource: the server responded with a status of 401 (Unauthorized) @ http://localhost:8081/notifications/stream?ticket=79d1c1d6-e9ce-4f05-a2c9-d8d6f9331778:0
[  300515ms] [ERROR] Failed to load resource: the server responded with a status of 401 (Unauthorized) @ http://localhost:8081/notifications/stream?ticket=50f9d055-72db-4fa6-bbce-ddb304cd0176:0
[  301524ms] [ERROR] Failed to load resource: the server responded with a status of 401 (Unauthorized) @ http://localhost:8081/notifications/stream?ticket=6386ff7d-dd26-4360-8e8f-1d41bb005b64:0
[  302529ms] [ERROR] Failed to load resource: the server responded with a status of 401 (Unauthorized) @ http://localhost:8081/notifications/stream?ticket=0d2d704c-2a59-4fa7-ac45-44dffabefc0d:0
[  303544ms] [ERROR] Failed to load resource: the server responded with a status of 401 (Unauthorized) @ http://localhost:8081/notifications/stream?ticket=963f3434-1465-4602-82ad-72930083616f:0
[  304560ms] [ERROR] Failed to load resource: the server responded with a status of 401 (Unauthorized) @ http://localhost:8081/notifications/stream?ticket=4d052673-b3d7-47bb-bb67-cc510cbae037:0
[  305569ms] [ERROR] Failed to load resource: the server responded with a status of 401 (Unauthorized) @ http://localhost:8081/notifications/stream?ticket=f67b227f-bd91-49f9-a5b5-f710472d4b64:0
[  306579ms] [ERROR] Failed to load resource: the server responded with a status of 401 (Unauthorized) @ http://localhost:8081/notifications/stream?ticket=9f2db13f-f8b9-4ef5-b48b-dfa2a26ae0dc:0
[  307592ms] [ERROR] Failed to load resource: the server responded with a status of 401 (Unauthorized) @ http://localhost:8081/notifications/stream?ticket=a01230d7-91eb-46a1-9c81-ef4da0436f44:0
[  308604ms] [ERROR] Failed to load resource: the server responded with a status of 401 (Unauthorized) @ http://localhost:8081/notifications/stream?ticket=0b15d30e-2ecf-40ae-bd95-b872f0bac0d0:0
[  309615ms] [ERROR] Failed to load resource: the server responded with a status of 401 (Unauthorized) @ http://localhost:8081/notifications/stream?ticket=238cc56e-f93e-4bc1-bd58-0dc847a70508:0
[  310632ms] [ERROR] Failed to load resource: the server responded with a status of 401 (Unauthorized) @ http://localhost:8081/notifications/stream?ticket=7d083dd6-4dd7-4097-8e90-8653e9aa59f5:0
[  311645ms] [ERROR] Failed to load resource: the server responded with a status of 401 (Unauthorized) @ http://localhost:8081/notifications/stream?ticket=6a577c0c-bf63-4d90-bce2-de68ace1411c:0
[  312659ms] [ERROR] Failed to load resource: the server responded with a status of 401 (Unauthorized) @ http://localhost:8081/notifications/stream?ticket=22223f1f-2f82-426b-947f-a45e514040e4:0
[  313670ms] [ERROR] Failed to load resource: the server responded with a status of 401 (Unauthorized) @ http://localhost:8081/notifications/stream?ticket=2cbe3658-461f-4cb4-99ab-ce33597fc84e:0
[  314680ms] [ERROR] Failed to load resource: the server responded with a status of 401 (Unauthorized) @ http://localhost:8081/notifications/stream?ticket=c55a46a9-8bdd-4762-8378-1aaf5bc6e590:0
[  315694ms] [ERROR] Failed to load resource: the server responded with a status of 401 (Unauthorized) @ http://localhost:8081/notifications/stream?ticket=0d1e9a9f-2237-49a0-8cdd-574a4d63017f:0
[  316703ms] [ERROR] Failed to load resource: the server responded with a status of 401 (Unauthorized) @ http://localhost:8081/notifications/stream?ticket=ca2b0e85-291f-4910-b2d9-55ebf5ce7691:0
[  317716ms] [ERROR] Failed to load resource: the server responded with a status of 401 (Unauthorized) @ http://localhost:8081/notifications/stream?ticket=16edec44-18e4-4219-80e2-60ad09437bc1:0
[  318726ms] [ERROR] Failed to load resource: the server responded with a status of 401 (Unauthorized) @ http://localhost:8081/notifications/stream?ticket=20ef7b23-d7bf-4ec6-8a0d-f3e294a05626:0
[  319735ms] [ERROR] Failed to load resource: the server responded with a status of 401 (Unauthorized) @ http://localhost:8081/notifications/stream?ticket=aaf5e762-b5f3-4cca-9af0-ea9764c7567c:0
[  320747ms] [ERROR] Failed to load resource: the server responded with a status of 401 (Unauthorized) @ http://localhost:8081/notifications/stream?ticket=bc547f30-00fb-4978-9812-2333449e7412:0
[  321760ms] [ERROR] Failed to load resource: the server responded with a status of 401 (Unauthorized) @ http://localhost:8081/notifications/stream?ticket=39495549-6c17-418f-9676-102b80fe14bc:0
[  322772ms] [ERROR] Failed to load resource: the server responded with a status of 401 (Unauthorized) @ http://localhost:8081/notifications/stream?ticket=5a4f1593-ddb1-4f75-9ce8-99e6d723a168:0
[  323784ms] [ERROR] Failed to load resource: the server responded with a status of 401 (Unauthorized) @ http://localhost:8081/notifications/stream?ticket=4e5d2967-d441-4811-8de6-5705af721f3c:0
[  324802ms] [ERROR] Failed to load resource: the server responded with a status of 401 (Unauthorized) @ http://localhost:8081/notifications/stream?ticket=db4eb4fd-54e5-4f43-b438-0169a911d559:0
[  325813ms] [ERROR] Failed to load resource: the server responded with a status of 401 (Unauthorized) @ http://localhost:8081/notifications/stream?ticket=72af05d9-2037-4d6d-9d02-fd3a9bfe5848:0
[  326827ms] [ERROR] Failed to load resource: the server responded with a status of 401 (Unauthorized) @ http://localhost:8081/notifications/stream?ticket=78b08651-472c-4704-9848-c6f60e4e11fd:0
[  327842ms] [ERROR] Failed to load resource: the server responded with a status of 401 (Unauthorized) @ http://localhost:8081/notifications/stream?ticket=b768c08e-64a1-4ca1-bf89-0c063a4d10a1:0
[  328854ms] [ERROR] Failed to load resource: the server responded with a status of 401 (Unauthorized) @ http://localhost:8081/notifications/stream?ticket=ec98cbe7-a8ae-47f5-a839-63c65ab4fe29:0
[  329867ms] [ERROR] Failed to load resource: the server responded with a status of 401 (Unauthorized) @ http://localhost:8081/notifications/stream?ticket=bbebef0a-4002-41c7-9f55-39d770705dbf:0
[  330877ms] [ERROR] Failed to load resource: the server responded with a status of 401 (Unauthorized) @ http://localhost:8081/notifications/stream?ticket=ac0229a5-2988-4c2e-bf4c-f4e69d07f43e:0
[  331887ms] [ERROR] Failed to load resource: the server responded with a status of 401 (Unauthorized) @ http://localhost:8081/notifications/stream?ticket=339cece6-9412-4c92-82ce-9c639fb94151:0
[  332897ms] [ERROR] Failed to load resource: the server responded with a status of 401 (Unauthorized) @ http://localhost:8081/notifications/stream?ticket=ba5139ba-4eed-4e32-bac8-24d928463933:0
[  333914ms] [ERROR] Failed to load resource: the server responded with a status of 401 (Unauthorized) @ http://localhost:8081/notifications/stream?ticket=0aaa38d4-7a11-40d6-aa92-73ebbe7bbcbb:0
[  334928ms] [ERROR] Failed to load resource: the server responded with a status of 401 (Unauthorized) @ http://localhost:8081/notifications/stream?ticket=f50284a5-be7b-4c45-9d66-68779aec8f83:0
[  335942ms] [ERROR] Failed to load resource: the server responded with a status of 401 (Unauthorized) @ http://localhost:8081/notifications/stream?ticket=d060ec21-c05b-40b0-a864-a588232e94b3:0
[  336952ms] [ERROR] Failed to load resource: the server responded with a status of 401 (Unauthorized) @ http://localhost:8081/notifications/stream?ticket=95303234-a9b6-486b-a2c3-49dd89fd4f04:0
[  337967ms] [ERROR] Failed to load resource: the server responded with a status of 401 (Unauthorized) @ http://localhost:8081/notifications/stream?ticket=d83cf2b5-e7cc-4c66-a859-5943ee4b795c:0
[  338982ms] [ERROR] Failed to load resource: the server responded with a status of 401 (Unauthorized) @ http://localhost:8081/notifications/stream?ticket=34f0852e-01c3-4984-8203-da70e9204a2f:0
[  339995ms] [ERROR] Failed to load resource: the server responded with a status of 401 (Unauthorized) @ http://localhost:8081/notifications/stream?ticket=f92a939f-6fd0-4617-b201-5a35fa75274a:0
[  341009ms] [ERROR] Failed to load resource: the server responded with a status of 401 (Unauthorized) @ http://localhost:8081/notifications/stream?ticket=2e65e596-9f64-45fc-b39c-540125de51ca:0
[  342019ms] [ERROR] Failed to load resource: the server responded with a status of 401 (Unauthorized) @ http://localhost:8081/notifications/stream?ticket=a2b8a0aa-796b-4099-a69e-ad4dbbf72cb3:0
[  343032ms] [ERROR] Failed to load resource: the server responded with a status of 401 (Unauthorized) @ http://localhost:8081/notifications/stream?ticket=45d0b55a-4036-4b2a-8a08-2a659259a836:0
[  344047ms] [ERROR] Failed to load resource: the server responded with a status of 401 (Unauthorized) @ http://localhost:8081/notifications/stream?ticket=3946a24a-6108-4b79-9812-1fb03c84419f:0
[  345059ms] [ERROR] Failed to load resource: the server responded with a status of 401 (Unauthorized) @ http://localhost:8081/notifications/stream?ticket=485b1f17-f809-4168-840d-354c320924ea:0
[  346068ms] [ERROR] Failed to load resource: the server responded with a status of 401 (Unauthorized) @ http://localhost:8081/notifications/stream?ticket=483dca7c-e630-4296-8f75-910f86bd0168:0
[  347078ms] [ERROR] Failed to load resource: the server responded with a status of 401 (Unauthorized) @ http://localhost:8081/notifications/stream?ticket=a8dd5a54-1cc7-4ab9-9d6c-8ee09a50003e:0
[  348085ms] [ERROR] Failed to load resource: the server responded with a status of 401 (Unauthorized) @ http://localhost:8081/notifications/stream?ticket=2eeef1cf-4ed1-4703-8726-ee97abe450cf:0
[  349097ms] [ERROR] Failed to load resource: the server responded with a status of 401 (Unauthorized) @ http://localhost:8081/notifications/stream?ticket=5244cd3a-80b2-4ee3-9cef-a7ab38507f4c:0
[  350109ms] [ERROR] Failed to load resource: the server responded with a status of 401 (Unauthorized) @ http://localhost:8081/notifications/stream?ticket=8394d5c7-6397-43f1-810a-ca46b7684498:0
[  351119ms] [ERROR] Failed to load resource: the server responded with a status of 401 (Unauthorized) @ http://localhost:8081/notifications/stream?ticket=67f3d805-12ee-4f16-8e6a-41d71a54897d:0
[  352126ms] [ERROR] Failed to load resource: the server responded with a status of 401 (Unauthorized) @ http://localhost:8081/notifications/stream?ticket=853c56ef-c21e-4119-9602-922f41b60f31:0
[  353135ms] [ERROR] Failed to load resource: the server responded with a status of 401 (Unauthorized) @ http://localhost:8081/notifications/stream?ticket=d1a7e527-27a1-4806-bc51-64f1f8a24355:0
[  354144ms] [ERROR] Failed to load resource: the server responded with a status of 401 (Unauthorized) @ http://localhost:8081/notifications/stream?ticket=444300d6-d826-4e1f-9fd1-e43728a51187:0
[  355154ms] [ERROR] Failed to load resource: the server responded with a status of 401 (Unauthorized) @ http://localhost:8081/notifications/stream?ticket=e27c0b68-28ab-49fd-8bbd-cd89e5a5458f:0
[  356165ms] [ERROR] Failed to load resource: the server responded with a status of 401 (Unauthorized) @ http://localhost:8081/notifications/stream?ticket=ad05fb8a-54e8-4666-8142-4963bbc6f8ab:0
[  357174ms] [ERROR] Failed to load resource: the server responded with a status of 401 (Unauthorized) @ http://localhost:8081/notifications/stream?ticket=7812e41b-6ae0-4da6-b55c-e05666eb3a92:0
[  358185ms] [ERROR] Failed to load resource: the server responded with a status of 401 (Unauthorized) @ http://localhost:8081/notifications/stream?ticket=0b1653a2-6137-44a8-9b6a-470e70a31588:0
[  359196ms] [ERROR] Failed to load resource: the server responded with a status of 401 (Unauthorized) @ http://localhost:8081/notifications/stream?ticket=35f7ffff-27e5-4c90-87a4-9863442224a3:0
[  360211ms] [ERROR] Failed to load resource: the server responded with a status of 401 (Unauthorized) @ http://localhost:8081/notifications/stream?ticket=f528d049-8d6b-4830-aa81-958574392674:0
[  361226ms] [ERROR] Failed to load resource: the server responded with a status of 401 (Unauthorized) @ http://localhost:8081/notifications/stream?ticket=1b7e1e23-5657-4ed4-8d24-e9ce23adf5d9:0
[  362239ms] [ERROR] Failed to load resource: the server responded with a status of 401 (Unauthorized) @ http://localhost:8081/notifications/stream?ticket=8e3ee6a8-de30-4d81-ae3b-d1122dd98bc7:0
[  363247ms] [ERROR] Failed to load resource: the server responded with a status of 401 (Unauthorized) @ http://localhost:8081/notifications/stream?ticket=36808f16-393a-400d-b267-67f0e62471bc:0
[  364257ms] [ERROR] Failed to load resource: the server responded with a status of 401 (Unauthorized) @ http://localhost:8081/notifications/stream?ticket=5c7c83ca-489f-4e45-bd67-a038665201d3:0
[  365265ms] [ERROR] Failed to load resource: the server responded with a status of 401 (Unauthorized) @ http://localhost:8081/notifications/stream?ticket=f273df2b-7e15-4719-9267-9ec2e4e191a8:0
[  366271ms] [ERROR] Failed to load resource: the server responded with a status of 401 (Unauthorized) @ http://localhost:8081/notifications/stream?ticket=90db914c-d58b-4274-a9a1-8fdd85964904:0
[  367278ms] [ERROR] Failed to load resource: the server responded with a status of 401 (Unauthorized) @ http://localhost:8081/notifications/stream?ticket=35dd38e1-5bf3-45bd-9448-3d04cdb0ae60:0
[  368285ms] [ERROR] Failed to load resource: the server responded with a status of 401 (Unauthorized) @ http://localhost:8081/notifications/stream?ticket=1ced82a1-cd18-4a4f-8f59-209369b73ed5:0
[  369295ms] [ERROR] Failed to load resource: the server responded with a status of 401 (Unauthorized) @ http://localhost:8081/notifications/stream?ticket=725d93a1-72ee-42dd-b9d5-60c053045107:0
[  370300ms] [ERROR] Failed to load resource: the server responded with a status of 401 (Unauthorized) @ http://localhost:8081/notifications/stream?ticket=076f7fda-38b8-46c6-8eca-298a9e2259ed:0
[  371309ms] [ERROR] Failed to load resource: the server responded with a status of 401 (Unauthorized) @ http://localhost:8081/notifications/stream?ticket=d769a488-ed49-4e08-aed3-3cf35e9f03b3:0
[  372317ms] [ERROR] Failed to load resource: the server responded with a status of 401 (Unauthorized) @ http://localhost:8081/notifications/stream?ticket=5daa5da7-ad45-41ff-baa3-221a781905d7:0
[  373325ms] [ERROR] Failed to load resource: the server responded with a status of 401 (Unauthorized) @ http://localhost:8081/notifications/stream?ticket=b8ad1d78-5c93-4e2c-a307-8a86085e0eaa:0
[  374333ms] [ERROR] Failed to load resource: the server responded with a status of 401 (Unauthorized) @ http://localhost:8081/notifications/stream?ticket=ac91af19-7b57-4186-b9f9-17d3cc77e6f8:0
[  375347ms] [ERROR] Failed to load resource: the server responded with a status of 401 (Unauthorized) @ http://localhost:8081/notifications/stream?ticket=4deafeac-59cc-4437-99bd-762a29b53093:0
[  376360ms] [ERROR] Failed to load resource: the server responded with a status of 401 (Unauthorized) @ http://localhost:8081/notifications/stream?ticket=f9dab212-ab78-42c0-8ebb-748a44e81c80:0
[  377369ms] [ERROR] Failed to load resource: the server responded with a status of 401 (Unauthorized) @ http://localhost:8081/notifications/stream?ticket=8bdab24b-a357-4c4d-8044-f68446afbb7f:0
[  378378ms] [ERROR] Failed to load resource: the server responded with a status of 401 (Unauthorized) @ http://localhost:8081/notifications/stream?ticket=47f2b92e-f346-4f27-afb4-31a22c342d89:0
[  379392ms] [ERROR] Failed to load resource: the server responded with a status of 401 (Unauthorized) @ http://localhost:8081/notifications/stream?ticket=7d1581f3-6740-4821-ac2c-cf0f2845cf24:0
[  380406ms] [ERROR] Failed to load resource: the server responded with a status of 401 (Unauthorized) @ http://localhost:8081/notifications/stream?ticket=735b0f2c-0a6e-4154-b7a2-dcd7c7dce97f:0
[  381418ms] [ERROR] Failed to load resource: the server responded with a status of 401 (Unauthorized) @ http://localhost:8081/notifications/stream?ticket=2b83d0bb-eb80-427e-9557-69138d619aae:0
[  382423ms] [ERROR] Failed to load resource: the server responded with a status of 401 (Unauthorized) @ http://localhost:8081/notifications/stream?ticket=cb6480b7-1994-460a-a157-d87031f3f8b2:0
[  383433ms] [ERROR] Failed to load resource: the server responded with a status of 401 (Unauthorized) @ http://localhost:8081/notifications/stream?ticket=cd374bec-9356-427a-b779-5bea032e725b:0
[  384442ms] [ERROR] Failed to load resource: the server responded with a status of 401 (Unauthorized) @ http://localhost:8081/notifications/stream?ticket=c8b9e1fe-d18d-4af6-995e-bf4985c10c7e:0
[  385453ms] [ERROR] Failed to load resource: the server responded with a status of 401 (Unauthorized) @ http://localhost:8081/notifications/stream?ticket=c957fff1-781c-4a6d-994f-9e9cf5ef153a:0
[  386463ms] [ERROR] Failed to load resource: the server responded with a status of 401 (Unauthorized) @ http://localhost:8081/notifications/stream?ticket=cdf3ef3d-3ccd-4a47-a728-d8d1d7b89310:0
[  387474ms] [ERROR] Failed to load resource: the server responded with a status of 401 (Unauthorized) @ http://localhost:8081/notifications/stream?ticket=97a6f1cc-2c9c-4c36-a916-d4c8243745de:0
[  388484ms] [ERROR] Failed to load resource: the server responded with a status of 401 (Unauthorized) @ http://localhost:8081/notifications/stream?ticket=1d369ead-4f51-4074-acca-099bd821c67b:0
[  389498ms] [ERROR] Failed to load resource: the server responded with a status of 401 (Unauthorized) @ http://localhost:8081/notifications/stream?ticket=67af9aa2-02c9-4205-8318-9f6a77f69a4a:0
[  390509ms] [ERROR] Failed to load resource: the server responded with a status of 401 (Unauthorized) @ http://localhost:8081/notifications/stream?ticket=d228de46-659a-483c-bc19-21312ad5b766:0
[  391513ms] [ERROR] Failed to load resource: the server responded with a status of 401 (Unauthorized) @ http://localhost:8081/notifications/stream?ticket=6983a345-8295-491d-a46e-b05d48629035:0
[  392521ms] [ERROR] Failed to load resource: the server responded with a status of 401 (Unauthorized) @ http://localhost:8081/notifications/stream?ticket=a8156200-396d-48b8-85c8-48b4b65d4687:0
[  393526ms] [ERROR] Failed to load resource: the server responded with a status of 401 (Unauthorized) @ http://localhost:8081/notifications/stream?ticket=52d0ee38-067a-41bf-a6df-f561d4119c91:0
[  394531ms] [ERROR] Failed to load resource: the server responded with a status of 401 (Unauthorized) @ http://localhost:8081/notifications/stream?ticket=ec2279f8-cf37-427b-995a-b3c37f5179cc:0
[  395536ms] [ERROR] Failed to load resource: the server responded with a status of 401 (Unauthorized) @ http://localhost:8081/notifications/stream?ticket=f23fcd77-6d25-4bde-9ac4-095a817dc1c6:0
[  396543ms] [ERROR] Failed to load resource: the server responded with a status of 401 (Unauthorized) @ http://localhost:8081/notifications/stream?ticket=fd333b53-0b76-4cc1-88e0-0119fe69ff36:0
[  397549ms] [ERROR] Failed to load resource: the server responded with a status of 401 (Unauthorized) @ http://localhost:8081/notifications/stream?ticket=0e782386-6fbf-4c64-8e37-6f57cd3a9908:0
[  398558ms] [ERROR] Failed to load resource: the server responded with a status of 401 (Unauthorized) @ http://localhost:8081/notifications/stream?ticket=eee2f4f7-7341-40e2-b229-0cdfb6a509ab:0
[  399568ms] [ERROR] Failed to load resource: the server responded with a status of 401 (Unauthorized) @ http://localhost:8081/notifications/stream?ticket=4a182387-fc36-47c5-986b-35fc41dfa3fb:0
[  400579ms] [ERROR] Failed to load resource: the server responded with a status of 401 (Unauthorized) @ http://localhost:8081/notifications/stream?ticket=cf672aac-08af-44ad-8827-4926ab63912e:0
[  401593ms] [ERROR] Failed to load resource: the server responded with a status of 401 (Unauthorized) @ http://localhost:8081/notifications/stream?ticket=7f7a678a-8740-4501-bc77-2ec2de5eec6c:0
[  402603ms] [ERROR] Failed to load resource: the server responded with a status of 401 (Unauthorized) @ http://localhost:8081/notifications/stream?ticket=6991a90b-9b94-4866-8c88-7193702d7857:0
[  403609ms] [ERROR] Failed to load resource: the server responded with a status of 401 (Unauthorized) @ http://localhost:8081/notifications/stream?ticket=8d02ea73-1688-45f9-993b-58ada6f7264b:0
[  404623ms] [ERROR] Failed to load resource: the server responded with a status of 401 (Unauthorized) @ http://localhost:8081/notifications/stream?ticket=f1471377-fefb-4a0c-9240-24e0c8babdb6:0
[  405633ms] [ERROR] Failed to load resource: the server responded with a status of 401 (Unauthorized) @ http://localhost:8081/notifications/stream?ticket=7d3f6582-f8af-4a0b-8a36-109c87800c71:0
[  406643ms] [ERROR] Failed to load resource: the server responded with a status of 401 (Unauthorized) @ http://localhost:8081/notifications/stream?ticket=8c2d99b7-850c-4089-9467-754780861549:0
[  407652ms] [ERROR] Failed to load resource: the server responded with a status of 401 (Unauthorized) @ http://localhost:8081/notifications/stream?ticket=ac73845e-4bad-40be-b704-e1f75d7ba4d0:0
[  408666ms] [ERROR] Failed to load resource: the server responded with a status of 401 (Unauthorized) @ http://localhost:8081/notifications/stream?ticket=6c989070-3d6c-42de-83b6-91b00f57bc6f:0
[  409678ms] [ERROR] Failed to load resource: the server responded with a status of 401 (Unauthorized) @ http://localhost:8081/notifications/stream?ticket=0ed707a6-e043-4920-a363-e3c4cdb15790:0
[  410686ms] [ERROR] Failed to load resource: the server responded with a status of 401 (Unauthorized) @ http://localhost:8081/notifications/stream?ticket=7385c439-2fe8-434a-9922-98d109611634:0
[  411698ms] [ERROR] Failed to load resource: the server responded with a status of 401 (Unauthorized) @ http://localhost:8081/notifications/stream?ticket=ccb5649f-657c-4210-bed9-583a04a4175b:0
[  412704ms] [ERROR] Failed to load resource: the server responded with a status of 401 (Unauthorized) @ http://localhost:8081/notifications/stream?ticket=13a7ae89-0ec4-446f-b671-72fbbc8b52b8:0
[  413715ms] [ERROR] Failed to load resource: the server responded with a status of 401 (Unauthorized) @ http://localhost:8081/notifications/stream?ticket=9ca48edd-e413-47ce-9582-2af9b825f1a5:0
[  414728ms] [ERROR] Failed to load resource: the server responded with a status of 401 (Unauthorized) @ http://localhost:8081/notifications/stream?ticket=f95729f9-21d0-4d70-af87-e7c61ef7b820:0
[  415739ms] [ERROR] Failed to load resource: the server responded with a status of 401 (Unauthorized) @ http://localhost:8081/notifications/stream?ticket=982af937-4b4c-4a48-9913-e49e27dfbfc6:0
[  416749ms] [ERROR] Failed to load resource: the server responded with a status of 401 (Unauthorized) @ http://localhost:8081/notifications/stream?ticket=a5009257-f434-4c61-ad8d-3c54c464528f:0
[  417762ms] [ERROR] Failed to load resource: the server responded with a status of 401 (Unauthorized) @ http://localhost:8081/notifications/stream?ticket=7d07966d-c3f5-4a87-9d6e-57cdac982811:0
[  418775ms] [ERROR] Failed to load resource: the server responded with a status of 401 (Unauthorized) @ http://localhost:8081/notifications/stream?ticket=54f15aab-a6a9-44ef-88dc-483498294608:0
[  419792ms] [ERROR] Failed to load resource: the server responded with a status of 401 (Unauthorized) @ http://localhost:8081/notifications/stream?ticket=bf397b53-512c-4190-aaef-9b418ae254d8:0
[  420809ms] [ERROR] Failed to load resource: the server responded with a status of 401 (Unauthorized) @ http://localhost:8081/notifications/stream?ticket=cff12892-3cdd-407f-833b-0156314fee2e:0
[  421819ms] [ERROR] Failed to load resource: the server responded with a status of 401 (Unauthorized) @ http://localhost:8081/notifications/stream?ticket=0f7ea722-aa7b-4c34-b66b-f1b99ec696e0:0
[  422828ms] [ERROR] Failed to load resource: the server responded with a status of 401 (Unauthorized) @ http://localhost:8081/notifications/stream?ticket=95e455ed-ad76-4602-ae17-68bc3e5747eb:0
[  423837ms] [ERROR] Failed to load resource: the server responded with a status of 401 (Unauthorized) @ http://localhost:8081/notifications/stream?ticket=90be2987-82db-436d-a93c-8ff5c8075958:0
[  424848ms] [ERROR] Failed to load resource: the server responded with a status of 401 (Unauthorized) @ http://localhost:8081/notifications/stream?ticket=6e0ca2f8-3187-452d-922c-396b8d45d2f4:0
[  425852ms] [ERROR] Failed to load resource: the server responded with a status of 401 (Unauthorized) @ http://localhost:8081/notifications/stream?ticket=19115903-37e7-413a-bce9-e6a5c95788e8:0
[  426862ms] [ERROR] Failed to load resource: the server responded with a status of 401 (Unauthorized) @ http://localhost:8081/notifications/stream?ticket=bcc03169-92ec-4547-a589-5a6082f4ed20:0
[  427877ms] [ERROR] Failed to load resource: the server responded with a status of 401 (Unauthorized) @ http://localhost:8081/notifications/stream?ticket=9f9e1fb2-765c-4e23-94c3-50e73b64f247:0
[  428885ms] [ERROR] Failed to load resource: the server responded with a status of 401 (Unauthorized) @ http://localhost:8081/notifications/stream?ticket=b2220867-100c-4b83-b46b-8c573c9c22e0:0
[  429891ms] [ERROR] Failed to load resource: the server responded with a status of 401 (Unauthorized) @ http://localhost:8081/notifications/stream?ticket=ea8aaf81-2f08-41e6-9453-1869f745647a:0
[  430895ms] [ERROR] Failed to load resource: the server responded with a status of 401 (Unauthorized) @ http://localhost:8081/notifications/stream?ticket=f54cbb70-27b6-487c-8ed4-8913eae61108:0
[  431900ms] [ERROR] Failed to load resource: the server responded with a status of 401 (Unauthorized) @ http://localhost:8081/notifications/stream?ticket=a26a633d-6aca-4d61-b9b6-32e2f3244888:0
[  432905ms] [ERROR] Failed to load resource: the server responded with a status of 401 (Unauthorized) @ http://localhost:8081/notifications/stream?ticket=2b4a866c-4e59-4d35-afe3-16e6230b64db:0
[  433913ms] [ERROR] Failed to load resource: the server responded with a status of 401 (Unauthorized) @ http://localhost:8081/notifications/stream?ticket=e10f7105-7f35-4a07-93fa-2530b5c33dc8:0
[  434919ms] [ERROR] Failed to load resource: the server responded with a status of 401 (Unauthorized) @ http://localhost:8081/notifications/stream?ticket=9cd80b9c-c8e3-4402-93e6-beaa328b019b:0
[  435929ms] [ERROR] Failed to load resource: the server responded with a status of 401 (Unauthorized) @ http://localhost:8081/notifications/stream?ticket=369d6fcc-06ba-4109-9390-b9418f9bab9e:0
[  436935ms] [ERROR] Failed to load resource: the server responded with a status of 401 (Unauthorized) @ http://localhost:8081/notifications/stream?ticket=9415637d-1569-45b9-a622-81b7330e72d6:0
[  437941ms] [ERROR] Failed to load resource: the server responded with a status of 401 (Unauthorized) @ http://localhost:8081/notifications/stream?ticket=985f1eff-a500-425e-a5ab-f72954e0e911:0
[  438947ms] [ERROR] Failed to load resource: the server responded with a status of 401 (Unauthorized) @ http://localhost:8081/notifications/stream?ticket=48ee81ec-b9b5-4b77-8862-b33f3c9afe74:0
[  439962ms] [ERROR] Failed to load resource: the server responded with a status of 401 (Unauthorized) @ http://localhost:8081/notifications/stream?ticket=1292694b-7042-48fe-b942-226f5b578834:0
[  440972ms] [ERROR] Failed to load resource: the server responded with a status of 401 (Unauthorized) @ http://localhost:8081/notifications/stream?ticket=b21a76c9-b258-4077-b7ff-cfb650515aa1:0
[  441981ms] [ERROR] Failed to load resource: the server responded with a status of 401 (Unauthorized) @ http://localhost:8081/notifications/stream?ticket=e109011e-30e3-44c1-8bfe-ec03874e1511:0
[  442995ms] [ERROR] Failed to load resource: the server responded with a status of 401 (Unauthorized) @ http://localhost:8081/notifications/stream?ticket=0f9569cc-ff1b-417a-8a89-0eb9635c2a35:0
[  444012ms] [ERROR] Failed to load resource: the server responded with a status of 401 (Unauthorized) @ http://localhost:8081/notifications/stream?ticket=ff173cc4-5719-4c88-a5ba-0e55a147c0ea:0
[  445026ms] [ERROR] Failed to load resource: the server responded with a status of 401 (Unauthorized) @ http://localhost:8081/notifications/stream?ticket=a46e96f8-498e-4ed6-a16a-0996c3bdcc81:0
[  446038ms] [ERROR] Failed to load resource: the server responded with a status of 401 (Unauthorized) @ http://localhost:8081/notifications/stream?ticket=23622338-64c7-41c3-9c40-ac0534b85047:0
[  447049ms] [ERROR] Failed to load resource: the server responded with a status of 401 (Unauthorized) @ http://localhost:8081/notifications/stream?ticket=86ba9b4f-8a35-4901-8cef-186c0fad4aae:0
[  448063ms] [ERROR] Failed to load resource: the server responded with a status of 401 (Unauthorized) @ http://localhost:8081/notifications/stream?ticket=d8535c86-0795-4e4e-b153-50e631e77fb8:0
[  449066ms] [ERROR] Failed to load resource: the server responded with a status of 401 (Unauthorized) @ http://localhost:8081/notifications/stream?ticket=767e2b75-160f-423b-ac29-993d654d4b9f:0
[  450072ms] [ERROR] Failed to load resource: the server responded with a status of 401 (Unauthorized) @ http://localhost:8081/notifications/stream?ticket=e8d975d1-392c-4afc-abcc-e4326721d595:0
[  451077ms] [ERROR] Failed to load resource: the server responded with a status of 401 (Unauthorized) @ http://localhost:8081/notifications/stream?ticket=9e59e7d9-80db-4c90-823e-3c1148bd358c:0
[  452086ms] [ERROR] Failed to load resource: the server responded with a status of 401 (Unauthorized) @ http://localhost:8081/notifications/stream?ticket=30035924-5118-4ef8-998b-8be2f02be3f3:0
[  453097ms] [ERROR] Failed to load resource: the server responded with a status of 401 (Unauthorized) @ http://localhost:8081/notifications/stream?ticket=9e3b4c5f-0f12-44ff-9f76-6013958efff1:0
[  454112ms] [ERROR] Failed to load resource: the server responded with a status of 401 (Unauthorized) @ http://localhost:8081/notifications/stream?ticket=52ea66bf-0c80-4731-993b-5899969e7062:0
[  455126ms] [ERROR] Failed to load resource: the server responded with a status of 401 (Unauthorized) @ http://localhost:8081/notifications/stream?ticket=5a67e397-5a17-461f-bbad-9bba43910e1c:0
[  456135ms] [ERROR] Failed to load resource: the server responded with a status of 401 (Unauthorized) @ http://localhost:8081/notifications/stream?ticket=1a10f65d-becb-4c43-9014-82264909ec96:0
[  457146ms] [ERROR] Failed to load resource: the server responded with a status of 401 (Unauthorized) @ http://localhost:8081/notifications/stream?ticket=d5709322-3efa-4928-95dd-a7b347925e2d:0
[  458160ms] [ERROR] Failed to load resource: the server responded with a status of 401 (Unauthorized) @ http://localhost:8081/notifications/stream?ticket=4d6bb1bd-9ec5-4604-bfcd-e384f01464dd:0
[  459169ms] [ERROR] Failed to load resource: the server responded with a status of 401 (Unauthorized) @ http://localhost:8081/notifications/stream?ticket=bc71c995-0443-4fcb-ba08-e2892be3b196:0
[  460182ms] [ERROR] Failed to load resource: the server responded with a status of 401 (Unauthorized) @ http://localhost:8081/notifications/stream?ticket=d8d3dcb6-003a-4cc4-bbdb-9fd03f8ebc34:0
[  461196ms] [ERROR] Failed to load resource: the server responded with a status of 401 (Unauthorized) @ http://localhost:8081/notifications/stream?ticket=d9c1ad3a-5049-49bc-bfc9-6bf00597ae17:0
[  462210ms] [ERROR] Failed to load resource: the server responded with a status of 401 (Unauthorized) @ http://localhost:8081/notifications/stream?ticket=47706ea1-c07e-4aba-b982-7936ff3f18c5:0
[  463220ms] [ERROR] Failed to load resource: the server responded with a status of 401 (Unauthorized) @ http://localhost:8081/notifications/stream?ticket=d912130a-74ed-430d-8d23-a72aa9c265a5:0
[  464231ms] [ERROR] Failed to load resource: the server responded with a status of 401 (Unauthorized) @ http://localhost:8081/notifications/stream?ticket=5c16c9d1-415d-4da2-909a-2a142db7fc01:0
[  465248ms] [ERROR] Failed to load resource: the server responded with a status of 401 (Unauthorized) @ http://localhost:8081/notifications/stream?ticket=4029148f-0c3e-43fc-9884-127f9ffa8887:0
[  466261ms] [ERROR] Failed to load resource: the server responded with a status of 401 (Unauthorized) @ http://localhost:8081/notifications/stream?ticket=1e7caa2a-cda5-4f7d-a9b0-84f422fa1de0:0
[  467265ms] [ERROR] Failed to load resource: the server responded with a status of 401 (Unauthorized) @ http://localhost:8081/notifications/stream?ticket=a1f5ac73-7c22-4b84-8122-7808cfe81f26:0
[  468279ms] [ERROR] Failed to load resource: the server responded with a status of 401 (Unauthorized) @ http://localhost:8081/notifications/stream?ticket=b3994c1c-241f-4882-857a-0e87c6f4dbbd:0
[  469296ms] [ERROR] Failed to load resource: the server responded with a status of 401 (Unauthorized) @ http://localhost:8081/notifications/stream?ticket=bc5dc11e-653f-4c39-a381-4a771d2d2b70:0
[  470312ms] [ERROR] Failed to load resource: the server responded with a status of 401 (Unauthorized) @ http://localhost:8081/notifications/stream?ticket=05cdd1d9-0c37-46af-ad85-3ec2365bcd96:0
[  471327ms] [ERROR] Failed to load resource: the server responded with a status of 401 (Unauthorized) @ http://localhost:8081/notifications/stream?ticket=a76338ca-a70f-4d96-83ab-7ded6f1bd00f:0
[  472336ms] [ERROR] Failed to load resource: the server responded with a status of 401 (Unauthorized) @ http://localhost:8081/notifications/stream?ticket=2ea85aa8-60e6-4722-abc8-2064dcfe6d5c:0
[  473346ms] [ERROR] Failed to load resource: the server responded with a status of 401 (Unauthorized) @ http://localhost:8081/notifications/stream?ticket=615e517f-9e3b-4ae9-b5b3-c2f28d4ac3a4:0
[  474362ms] [ERROR] Failed to load resource: the server responded with a status of 401 (Unauthorized) @ http://localhost:8081/notifications/stream?ticket=3ba25b98-4b04-4b42-b521-0e2e2f5dd026:0
[  475376ms] [ERROR] Failed to load resource: the server responded with a status of 401 (Unauthorized) @ http://localhost:8081/notifications/stream?ticket=f4286df8-b97c-47aa-aa24-adae772f61ad:0
[  476386ms] [ERROR] Failed to load resource: the server responded with a status of 401 (Unauthorized) @ http://localhost:8081/notifications/stream?ticket=9f355740-f97e-41e6-a770-f1b84b946bdf:0
[  477398ms] [ERROR] Failed to load resource: the server responded with a status of 401 (Unauthorized) @ http://localhost:8081/notifications/stream?ticket=1a0f0752-362a-46ed-9508-bdd93e2f7baf:0
[  478411ms] [ERROR] Failed to load resource: the server responded with a status of 401 (Unauthorized) @ http://localhost:8081/notifications/stream?ticket=d336bed1-84a4-4f64-8049-ba6b7043af25:0
[  479422ms] [ERROR] Failed to load resource: the server responded with a status of 401 (Unauthorized) @ http://localhost:8081/notifications/stream?ticket=d61df003-80ac-44b5-a3fb-c8f6ccacbd31:0
[  480435ms] [ERROR] Failed to load resource: the server responded with a status of 401 (Unauthorized) @ http://localhost:8081/notifications/stream?ticket=bbd29617-11ce-4ced-8376-eb9c0f8bdd49:0
[  481448ms] [ERROR] Failed to load resource: the server responded with a status of 401 (Unauthorized) @ http://localhost:8081/notifications/stream?ticket=cdee6cdb-c857-49eb-b556-e62e4c10ad74:0
[  482459ms] [ERROR] Failed to load resource: the server responded with a status of 401 (Unauthorized) @ http://localhost:8081/notifications/stream?ticket=bec7a87f-0a3f-4cea-baab-ed4cdcf36936:0
[  483465ms] [ERROR] Failed to load resource: the server responded with a status of 401 (Unauthorized) @ http://localhost:8081/notifications/stream?ticket=5033a31c-9483-4429-a65d-c641ebb07791:0
[  484473ms] [ERROR] Failed to load resource: the server responded with a status of 401 (Unauthorized) @ http://localhost:8081/notifications/stream?ticket=0b386853-b37f-414d-9e4e-4db42ea9d08f:0
[  485483ms] [ERROR] Failed to load resource: the server responded with a status of 401 (Unauthorized) @ http://localhost:8081/notifications/stream?ticket=2a1a5562-9033-4250-a5a5-f539ac08f72f:0
[  486499ms] [ERROR] Failed to load resource: the server responded with a status of 401 (Unauthorized) @ http://localhost:8081/notifications/stream?ticket=a92c3fcf-3efa-4321-a0fe-ed30c0cdbfa1:0
[  487515ms] [ERROR] Failed to load resource: the server responded with a status of 401 (Unauthorized) @ http://localhost:8081/notifications/stream?ticket=ccb570e5-2b3b-48b7-b46e-ca74c80a0ae4:0
[  488526ms] [ERROR] Failed to load resource: the server responded with a status of 401 (Unauthorized) @ http://localhost:8081/notifications/stream?ticket=5ddbbd5d-9779-4b58-af25-33601c2e6086:0
[  489543ms] [ERROR] Failed to load resource: the server responded with a status of 401 (Unauthorized) @ http://localhost:8081/notifications/stream?ticket=8914ac90-6c9b-4462-ae9d-9f2042d69698:0
[  490553ms] [ERROR] Failed to load resource: the server responded with a status of 401 (Unauthorized) @ http://localhost:8081/notifications/stream?ticket=9a3fdb3c-4853-47a0-a0fa-14dd7c5ad556:0
[  491564ms] [ERROR] Failed to load resource: the server responded with a status of 401 (Unauthorized) @ http://localhost:8081/notifications/stream?ticket=09a97f4b-8ccc-48c9-8cb7-0c7701253a57:0
[  492577ms] [ERROR] Failed to load resource: the server responded with a status of 401 (Unauthorized) @ http://localhost:8081/notifications/stream?ticket=a298cc70-d5d1-46c6-9fab-d628dbed1106:0
[  493585ms] [ERROR] Failed to load resource: the server responded with a status of 401 (Unauthorized) @ http://localhost:8081/notifications/stream?ticket=2b1516f8-fd08-482f-b68e-229232502639:0
[  494597ms] [ERROR] Failed to load resource: the server responded with a status of 401 (Unauthorized) @ http://localhost:8081/notifications/stream?ticket=9b7a2e5e-f572-4aa5-8a14-b224ac172136:0
[  495616ms] [ERROR] Failed to load resource: the server responded with a status of 401 (Unauthorized) @ http://localhost:8081/notifications/stream?ticket=db00d866-3804-4235-a2fe-c25bf3b8370c:0
[  496628ms] [ERROR] Failed to load resource: the server responded with a status of 401 (Unauthorized) @ http://localhost:8081/notifications/stream?ticket=5cbe2923-5c0b-455a-a92e-b061ff3c7c32:0
[  497638ms] [ERROR] Failed to load resource: the server responded with a status of 401 (Unauthorized) @ http://localhost:8081/notifications/stream?ticket=11529a75-729f-403d-88b8-7edee9d7b687:0
[  498644ms] [ERROR] Failed to load resource: the server responded with a status of 401 (Unauthorized) @ http://localhost:8081/notifications/stream?ticket=0d5b70f7-4df3-48c1-b777-699056e6fbcd:0
[  499660ms] [ERROR] Failed to load resource: the server responded with a status of 401 (Unauthorized) @ http://localhost:8081/notifications/stream?ticket=bef42ea3-3acd-49a5-96b6-0a65e2858599:0
[  500676ms] [ERROR] Failed to load resource: the server responded with a status of 401 (Unauthorized) @ http://localhost:8081/notifications/stream?ticket=cde3daa4-77be-4b64-8de7-a1c10b4b83b2:0
[  501686ms] [ERROR] Failed to load resource: the server responded with a status of 401 (Unauthorized) @ http://localhost:8081/notifications/stream?ticket=c6fcfd05-8fd8-4d61-9361-bfce50d083cf:0
[  502697ms] [ERROR] Failed to load resource: the server responded with a status of 401 (Unauthorized) @ http://localhost:8081/notifications/stream?ticket=5e821a67-2580-42f3-8305-29ffe19be577:0
[  503711ms] [ERROR] Failed to load resource: the server responded with a status of 401 (Unauthorized) @ http://localhost:8081/notifications/stream?ticket=2631eb2c-8de6-46a6-9297-84609495a75d:0
[  504728ms] [ERROR] Failed to load resource: the server responded with a status of 401 (Unauthorized) @ http://localhost:8081/notifications/stream?ticket=e04c47d4-16c9-4546-ba3a-9fad09382e54:0
[  505745ms] [ERROR] Failed to load resource: the server responded with a status of 401 (Unauthorized) @ http://localhost:8081/notifications/stream?ticket=3f2f0d97-8da2-420e-beb1-884dac7e247f:0
[  506753ms] [ERROR] Failed to load resource: the server responded with a status of 401 (Unauthorized) @ http://localhost:8081/notifications/stream?ticket=78781814-c763-49f4-aed4-aaec75151492:0
[  507763ms] [ERROR] Failed to load resource: the server responded with a status of 401 (Unauthorized) @ http://localhost:8081/notifications/stream?ticket=7b654958-f96e-466f-b04c-76c4882b212c:0
[  508778ms] [ERROR] Failed to load resource: the server responded with a status of 401 (Unauthorized) @ http://localhost:8081/notifications/stream?ticket=d3634dc3-9729-4923-abfa-57b902e38834:0
[  509786ms] [ERROR] Failed to load resource: the server responded with a status of 401 (Unauthorized) @ http://localhost:8081/notifications/stream?ticket=320a06a1-b154-4ae8-8a1f-1d609dce2841:0
[  510797ms] [ERROR] Failed to load resource: the server responded with a status of 401 (Unauthorized) @ http://localhost:8081/notifications/stream?ticket=bcff0b7d-5b51-40af-b029-6ad294186008:0
[  511810ms] [ERROR] Failed to load resource: the server responded with a status of 401 (Unauthorized) @ http://localhost:8081/notifications/stream?ticket=858764f1-9bb0-4d95-803d-5e7497bbdee3:0
[  512821ms] [ERROR] Failed to load resource: the server responded with a status of 401 (Unauthorized) @ http://localhost:8081/notifications/stream?ticket=1dd1c3c9-c591-4540-bce3-d9448291e242:0
[  513830ms] [ERROR] Failed to load resource: the server responded with a status of 401 (Unauthorized) @ http://localhost:8081/notifications/stream?ticket=85c85339-812d-472c-9959-3c9c2666875f:0
[  514838ms] [ERROR] Failed to load resource: the server responded with a status of 401 (Unauthorized) @ http://localhost:8081/notifications/stream?ticket=da360f04-de7f-43d8-a2f0-9540f65ecbda:0
[  515850ms] [ERROR] Failed to load resource: the server responded with a status of 401 (Unauthorized) @ http://localhost:8081/notifications/stream?ticket=fc9faf5e-89cc-4401-ae09-8a4e00a9fb54:0
[  516864ms] [ERROR] Failed to load resource: the server responded with a status of 401 (Unauthorized) @ http://localhost:8081/notifications/stream?ticket=4d05f2b4-c50b-4893-a9fb-2f61753d26c9:0
[  517879ms] [ERROR] Failed to load resource: the server responded with a status of 401 (Unauthorized) @ http://localhost:8081/notifications/stream?ticket=371a8d28-f91d-4651-b70e-569b6e3eaafe:0
[  518894ms] [ERROR] Failed to load resource: the server responded with a status of 401 (Unauthorized) @ http://localhost:8081/notifications/stream?ticket=bb4994fe-1027-4586-a016-54300bffdca6:0
[  519903ms] [ERROR] Failed to load resource: the server responded with a status of 401 (Unauthorized) @ http://localhost:8081/notifications/stream?ticket=b5cd6011-d969-493e-96d2-3ff73a29da6e:0
[  520917ms] [ERROR] Failed to load resource: the server responded with a status of 401 (Unauthorized) @ http://localhost:8081/notifications/stream?ticket=67ee13dd-5142-4dbf-99ea-a9d93d8537d5:0
[  521931ms] [ERROR] Failed to load resource: the server responded with a status of 401 (Unauthorized) @ http://localhost:8081/notifications/stream?ticket=82d46d57-79ab-46c2-9061-cff50a95e089:0
[  522940ms] [ERROR] Failed to load resource: the server responded with a status of 401 (Unauthorized) @ http://localhost:8081/notifications/stream?ticket=8d922fa5-c4de-40b0-8dd7-f1a71343db4f:0
[  523949ms] [ERROR] Failed to load resource: the server responded with a status of 401 (Unauthorized) @ http://localhost:8081/notifications/stream?ticket=5f5f3ba4-0fec-47d2-bdb7-8def83ce4dce:0
[  524962ms] [ERROR] Failed to load resource: the server responded with a status of 401 (Unauthorized) @ http://localhost:8081/notifications/stream?ticket=a4f1949a-a9c0-4125-abaf-84f797b6debc:0
[  525971ms] [ERROR] Failed to load resource: the server responded with a status of 401 (Unauthorized) @ http://localhost:8081/notifications/stream?ticket=b57d00ff-a4be-4336-86c1-d9c41c58b87e:0
[  526975ms] [ERROR] Failed to load resource: the server responded with a status of 401 (Unauthorized) @ http://localhost:8081/notifications/stream?ticket=25e76797-66d4-4110-bad1-401d9775fb4b:0
[  527985ms] [ERROR] Failed to load resource: the server responded with a status of 401 (Unauthorized) @ http://localhost:8081/notifications/stream?ticket=0abdddf7-37ed-4023-9b41-f327acd4e30f:0
[  528997ms] [ERROR] Failed to load resource: the server responded with a status of 401 (Unauthorized) @ http://localhost:8081/notifications/stream?ticket=1bb5358e-00f4-44b8-b4f8-3cd8ed6fc38d:0
[  530002ms] [ERROR] Failed to load resource: the server responded with a status of 401 (Unauthorized) @ http://localhost:8081/notifications/stream?ticket=b653ea26-139a-412d-bb88-48a358165bb8:0
[  531010ms] [ERROR] Failed to load resource: the server responded with a status of 401 (Unauthorized) @ http://localhost:8081/notifications/stream?ticket=65f46bbc-90fc-4dcb-bc94-519a36662bd7:0
[  532018ms] [ERROR] Failed to load resource: the server responded with a status of 401 (Unauthorized) @ http://localhost:8081/notifications/stream?ticket=2a335bae-20e9-49c2-8f4a-5f90d2de9696:0
[  533031ms] [ERROR] Failed to load resource: the server responded with a status of 401 (Unauthorized) @ http://localhost:8081/notifications/stream?ticket=ef5816bb-a82a-4d04-a384-d96e20af447b:0
[  534038ms] [ERROR] Failed to load resource: the server responded with a status of 401 (Unauthorized) @ http://localhost:8081/notifications/stream?ticket=4a8dad5b-d4ed-4b30-8355-12dc8ed1e346:0
[  535045ms] [ERROR] Failed to load resource: the server responded with a status of 401 (Unauthorized) @ http://localhost:8081/notifications/stream?ticket=c98bed38-8023-486a-94c5-bac8549b6efe:0
[  536054ms] [ERROR] Failed to load resource: the server responded with a status of 401 (Unauthorized) @ http://localhost:8081/notifications/stream?ticket=e3710a53-c05a-438f-bee5-2a0bc21a70e6:0
[  537060ms] [ERROR] Failed to load resource: the server responded with a status of 401 (Unauthorized) @ http://localhost:8081/notifications/stream?ticket=93ea7678-165d-4593-a572-054909327247:0
[  538069ms] [ERROR] Failed to load resource: the server responded with a status of 401 (Unauthorized) @ http://localhost:8081/notifications/stream?ticket=490b72cb-fc1e-41fb-ac5f-56d7ad2ff10d:0
[  539079ms] [ERROR] Failed to load resource: the server responded with a status of 401 (Unauthorized) @ http://localhost:8081/notifications/stream?ticket=e07a9f96-84ba-46ae-ab3b-86459227082c:0
[  540091ms] [ERROR] Failed to load resource: the server responded with a status of 401 (Unauthorized) @ http://localhost:8081/notifications/stream?ticket=76dc59e1-1f79-41df-a55e-b27e9c864018:0
[  541100ms] [ERROR] Failed to load resource: the server responded with a status of 401 (Unauthorized) @ http://localhost:8081/notifications/stream?ticket=de7fb506-aa6d-45ca-963d-37bfbf4fb294:0
[  542112ms] [ERROR] Failed to load resource: the server responded with a status of 401 (Unauthorized) @ http://localhost:8081/notifications/stream?ticket=777cd69d-5293-44f1-bebc-d46fc9a4d7cc:0
[  543125ms] [ERROR] Failed to load resource: the server responded with a status of 401 (Unauthorized) @ http://localhost:8081/notifications/stream?ticket=74622d56-6a85-43f1-a846-f0989326f803:0
[  544134ms] [ERROR] Failed to load resource: the server responded with a status of 401 (Unauthorized) @ http://localhost:8081/notifications/stream?ticket=a3080257-9b05-4d7d-b8b4-f8717021ee1e:0
[  545147ms] [ERROR] Failed to load resource: the server responded with a status of 401 (Unauthorized) @ http://localhost:8081/notifications/stream?ticket=0dd28244-39c5-4957-9af7-c4297c8839ca:0
[  546164ms] [ERROR] Failed to load resource: the server responded with a status of 401 (Unauthorized) @ http://localhost:8081/notifications/stream?ticket=110b2430-dd6d-4a0a-ac60-60035247b62f:0
[  547179ms] [ERROR] Failed to load resource: the server responded with a status of 401 (Unauthorized) @ http://localhost:8081/notifications/stream?ticket=1e8b4c9c-4129-443c-a8b3-73d4d27d61e4:0
[  548193ms] [ERROR] Failed to load resource: the server responded with a status of 401 (Unauthorized) @ http://localhost:8081/notifications/stream?ticket=5729c241-76ee-42cc-8dae-ce4bd6ea5476:0
[  549205ms] [ERROR] Failed to load resource: the server responded with a status of 401 (Unauthorized) @ http://localhost:8081/notifications/stream?ticket=6efe4c88-0ca7-409b-9418-13d65b828bf3:0
[  550213ms] [ERROR] Failed to load resource: the server responded with a status of 401 (Unauthorized) @ http://localhost:8081/notifications/stream?ticket=b3b6973d-87e4-476a-bb86-ec4b5546dc75:0
[  551218ms] [ERROR] Failed to load resource: the server responded with a status of 401 (Unauthorized) @ http://localhost:8081/notifications/stream?ticket=e09493ce-9939-4a6d-8692-cb75a7463151:0
[  552226ms] [ERROR] Failed to load resource: the server responded with a status of 401 (Unauthorized) @ http://localhost:8081/notifications/stream?ticket=ce80ab7f-3e9d-4f20-95bb-f8bb96be3c8a:0
[  553234ms] [ERROR] Failed to load resource: the server responded with a status of 401 (Unauthorized) @ http://localhost:8081/notifications/stream?ticket=abe8b09b-f267-428a-975a-958391a0aace:0
[  554241ms] [ERROR] Failed to load resource: the server responded with a status of 401 (Unauthorized) @ http://localhost:8081/notifications/stream?ticket=c4ae6ada-2ea0-43a7-b5b5-99b1935e4758:0
[  555245ms] [ERROR] Failed to load resource: the server responded with a status of 401 (Unauthorized) @ http://localhost:8081/notifications/stream?ticket=1f959cff-c52f-4cc5-8633-86f4e6205d8a:0
[  556252ms] [ERROR] Failed to load resource: the server responded with a status of 401 (Unauthorized) @ http://localhost:8081/notifications/stream?ticket=3f30d237-25cc-4d91-b6b8-762952e64d42:0
[  557262ms] [ERROR] Failed to load resource: the server responded with a status of 401 (Unauthorized) @ http://localhost:8081/notifications/stream?ticket=43343393-9a9c-47bc-879b-035ad26f677c:0
[  558269ms] [ERROR] Failed to load resource: the server responded with a status of 401 (Unauthorized) @ http://localhost:8081/notifications/stream?ticket=d85290a7-b6fe-4d2e-a759-bc01f6b1c5b1:0
[  559277ms] [ERROR] Failed to load resource: the server responded with a status of 401 (Unauthorized) @ http://localhost:8081/notifications/stream?ticket=bfe72021-e598-4531-b9b9-6a32ad44b5b1:0
[  560302ms] [ERROR] Failed to load resource: the server responded with a status of 401 (Unauthorized) @ http://localhost:8081/notifications/stream?ticket=dc6d274d-de97-456d-a6cf-93e0551b2890:0
[  561313ms] [ERROR] Failed to load resource: the server responded with a status of 401 (Unauthorized) @ http://localhost:8081/notifications/stream?ticket=81bf0d04-cf0a-4af0-8d1e-7264bc81a55a:0
[  562320ms] [ERROR] Failed to load resource: the server responded with a status of 401 (Unauthorized) @ http://localhost:8081/notifications/stream?ticket=1cf18a2d-8b2e-4d01-86ca-9a1aa82615bd:0
[  563327ms] [ERROR] Failed to load resource: the server responded with a status of 401 (Unauthorized) @ http://localhost:8081/notifications/stream?ticket=6185c331-0f3e-4aa2-8124-33dfa3219496:0
[  564336ms] [ERROR] Failed to load resource: the server responded with a status of 401 (Unauthorized) @ http://localhost:8081/notifications/stream?ticket=a02e7f10-4e14-44a8-970d-a7a04edd5869:0
[  565343ms] [ERROR] Failed to load resource: the server responded with a status of 401 (Unauthorized) @ http://localhost:8081/notifications/stream?ticket=be41e2aa-2405-478d-b8b3-20e3d32dc0e1:0
[  566356ms] [ERROR] Failed to load resource: the server responded with a status of 401 (Unauthorized) @ http://localhost:8081/notifications/stream?ticket=181f7c65-880d-46df-b578-ddbed2ec12fd:0
[  567366ms] [ERROR] Failed to load resource: the server responded with a status of 401 (Unauthorized) @ http://localhost:8081/notifications/stream?ticket=c8c0bc59-def2-4c6a-9d1a-f6db40fbb8ef:0
[  568375ms] [ERROR] Failed to load resource: the server responded with a status of 401 (Unauthorized) @ http://localhost:8081/notifications/stream?ticket=a3d5ec1d-58e5-444e-a871-6aed0a4e7057:0
[  569382ms] [ERROR] Failed to load resource: the server responded with a status of 401 (Unauthorized) @ http://localhost:8081/notifications/stream?ticket=7f0a23c9-b0f0-4138-8f90-f4d9b95eb68e:0
[  570396ms] [ERROR] Failed to load resource: the server responded with a status of 401 (Unauthorized) @ http://localhost:8081/notifications/stream?ticket=81ccb0e6-7e61-4938-b843-5d69cd3550c1:0
[  571411ms] [ERROR] Failed to load resource: the server responded with a status of 401 (Unauthorized) @ http://localhost:8081/notifications/stream?ticket=d6e78993-61a9-479a-8543-141864cc3103:0
[  572423ms] [ERROR] Failed to load resource: the server responded with a status of 401 (Unauthorized) @ http://localhost:8081/notifications/stream?ticket=680f6828-f559-46d8-b2e1-b34ca31640bc:0
[  573433ms] [ERROR] Failed to load resource: the server responded with a status of 401 (Unauthorized) @ http://localhost:8081/notifications/stream?ticket=8d73545d-6aa1-445d-b7c3-4291add9f473:0
[  574447ms] [ERROR] Failed to load resource: the server responded with a status of 401 (Unauthorized) @ http://localhost:8081/notifications/stream?ticket=9a4166ed-9fbe-4543-8140-20055ee6aae8:0
[  575460ms] [ERROR] Failed to load resource: the server responded with a status of 401 (Unauthorized) @ http://localhost:8081/notifications/stream?ticket=c606bc97-66e3-4d02-a141-8f1c3368be08:0
[  576468ms] [ERROR] Failed to load resource: the server responded with a status of 401 (Unauthorized) @ http://localhost:8081/notifications/stream?ticket=2a6860e8-94d2-4605-878c-417b9c6f8e1a:0
[  577480ms] [ERROR] Failed to load resource: the server responded with a status of 401 (Unauthorized) @ http://localhost:8081/notifications/stream?ticket=75652b32-71b6-49c3-8f18-a5c5132693d6:0
[  578494ms] [ERROR] Failed to load resource: the server responded with a status of 401 (Unauthorized) @ http://localhost:8081/notifications/stream?ticket=e8e70a50-a3b9-4798-945d-a714e69023cf:0
[  579504ms] [ERROR] Failed to load resource: the server responded with a status of 401 (Unauthorized) @ http://localhost:8081/notifications/stream?ticket=adf626d1-fd59-49ca-94f9-1a752b7b2164:0
[  580515ms] [ERROR] Failed to load resource: the server responded with a status of 401 (Unauthorized) @ http://localhost:8081/notifications/stream?ticket=e6b7f294-96d8-45a4-9fd9-d7318aabd3da:0
[  581530ms] [ERROR] Failed to load resource: the server responded with a status of 401 (Unauthorized) @ http://localhost:8081/notifications/stream?ticket=e8174436-2494-4d5f-b41b-428646d2942d:0
[  582545ms] [ERROR] Failed to load resource: the server responded with a status of 401 (Unauthorized) @ http://localhost:8081/notifications/stream?ticket=6bf21670-7902-42bb-96e0-7a446f43ac46:0
[  583554ms] [ERROR] Failed to load resource: the server responded with a status of 401 (Unauthorized) @ http://localhost:8081/notifications/stream?ticket=7d6c92fd-823f-4ef2-a4bb-567e1fb484d0:0
[  584566ms] [ERROR] Failed to load resource: the server responded with a status of 401 (Unauthorized) @ http://localhost:8081/notifications/stream?ticket=7e83a276-d89d-4576-881e-8b0291fda940:0
[  585572ms] [ERROR] Failed to load resource: the server responded with a status of 401 (Unauthorized) @ http://localhost:8081/notifications/stream?ticket=8231b595-83f4-493a-86af-e2beba0fc589:0
[  586583ms] [ERROR] Failed to load resource: the server responded with a status of 401 (Unauthorized) @ http://localhost:8081/notifications/stream?ticket=7da72963-4a4f-4b85-be2a-98cd888b7a61:0
[  587595ms] [ERROR] Failed to load resource: the server responded with a status of 401 (Unauthorized) @ http://localhost:8081/notifications/stream?ticket=27c5b6fc-ccd3-4783-9283-6de02f8d0592:0
[  588609ms] [ERROR] Failed to load resource: the server responded with a status of 401 (Unauthorized) @ http://localhost:8081/notifications/stream?ticket=ee790ccb-79fa-4c2e-89c2-005f9f545c38:0
[  589620ms] [ERROR] Failed to load resource: the server responded with a status of 401 (Unauthorized) @ http://localhost:8081/notifications/stream?ticket=844968bb-c798-415a-9a53-57b81f579e82:0
[  590631ms] [ERROR] Failed to load resource: the server responded with a status of 401 (Unauthorized) @ http://localhost:8081/notifications/stream?ticket=2aba1842-ca2e-4552-bf3d-14cd89bbbbb8:0
[  591646ms] [ERROR] Failed to load resource: the server responded with a status of 401 (Unauthorized) @ http://localhost:8081/notifications/stream?ticket=5a07976c-2fe9-44cb-9395-ec76ef47cacc:0
[  592660ms] [ERROR] Failed to load resource: the server responded with a status of 401 (Unauthorized) @ http://localhost:8081/notifications/stream?ticket=db8c0699-9338-4c82-96f9-0a7dab6998cd:0
[  593668ms] [ERROR] Failed to load resource: the server responded with a status of 401 (Unauthorized) @ http://localhost:8081/notifications/stream?ticket=cc1ecb90-1a4d-4b49-af67-cb6a55d19c77:0
[  594678ms] [ERROR] Failed to load resource: the server responded with a status of 401 (Unauthorized) @ http://localhost:8081/notifications/stream?ticket=6ba090e8-6869-40ea-899e-60eacfa77e8c:0
[  595694ms] [ERROR] Failed to load resource: the server responded with a status of 401 (Unauthorized) @ http://localhost:8081/notifications/stream?ticket=348e2089-e6ea-454c-9804-de6f286c3d02:0
[  596709ms] [ERROR] Failed to load resource: the server responded with a status of 401 (Unauthorized) @ http://localhost:8081/notifications/stream?ticket=3ed8b6fa-70a4-438f-92d8-1c23099a0c2a:0
[  597719ms] [ERROR] Failed to load resource: the server responded with a status of 401 (Unauthorized) @ http://localhost:8081/notifications/stream?ticket=19dcea7e-f53d-415f-9f5c-d7e4b40d15b1:0
[  598732ms] [ERROR] Failed to load resource: the server responded with a status of 401 (Unauthorized) @ http://localhost:8081/notifications/stream?ticket=6c832f60-9f67-40fa-9626-3bac89f89141:0
[  599749ms] [ERROR] Failed to load resource: the server responded with a status of 401 (Unauthorized) @ http://localhost:8081/notifications/stream?ticket=0e7f3d94-b75c-42b2-a163-ecb085a0e5b8:0
[  600765ms] [ERROR] Failed to load resource: the server responded with a status of 401 (Unauthorized) @ http://localhost:8081/notifications/stream?ticket=0ba0ee0d-542a-4287-8290-a37086354f66:0
[  601770ms] [ERROR] Failed to load resource: the server responded with a status of 401 (Unauthorized) @ http://localhost:8081/notifications/stream?ticket=fc5a3a00-4be6-4e44-937c-cb586cf659de:0
[  602778ms] [ERROR] Failed to load resource: the server responded with a status of 401 (Unauthorized) @ http://localhost:8081/notifications/stream?ticket=6db3047a-13ef-4383-874a-eb182499329b:0
[  603787ms] [ERROR] Failed to load resource: the server responded with a status of 401 (Unauthorized) @ http://localhost:8081/notifications/stream?ticket=fbf098e2-4bff-49df-ab87-ffe176a89742:0
[  604800ms] [ERROR] Failed to load resource: the server responded with a status of 401 (Unauthorized) @ http://localhost:8081/notifications/stream?ticket=612b4e36-9b42-4b91-ab02-88848a6b6a3c:0
[  605811ms] [ERROR] Failed to load resource: the server responded with a status of 401 (Unauthorized) @ http://localhost:8081/notifications/stream?ticket=f4f2d714-aa33-45d1-8ba3-3a6773db3778:0
[  606826ms] [ERROR] Failed to load resource: the server responded with a status of 401 (Unauthorized) @ http://localhost:8081/notifications/stream?ticket=73d14107-96f3-469b-9e1a-c1b561feaba2:0
[  607836ms] [ERROR] Failed to load resource: the server responded with a status of 401 (Unauthorized) @ http://localhost:8081/notifications/stream?ticket=1074bd5b-edf5-46bd-8666-13cd0a384cf7:0
[  608844ms] [ERROR] Failed to load resource: the server responded with a status of 401 (Unauthorized) @ http://localhost:8081/notifications/stream?ticket=0ed1c0e6-133c-49b3-aa2f-e6c3447371bb:0
[  609851ms] [ERROR] Failed to load resource: the server responded with a status of 401 (Unauthorized) @ http://localhost:8081/notifications/stream?ticket=22eb703e-e426-4572-ba94-9fffdbb7671f:0
[  610863ms] [ERROR] Failed to load resource: the server responded with a status of 401 (Unauthorized) @ http://localhost:8081/notifications/stream?ticket=7a86268a-9a1d-4b10-8caa-dc0b03e32e7d:0
[  611878ms] [ERROR] Failed to load resource: the server responded with a status of 401 (Unauthorized) @ http://localhost:8081/notifications/stream?ticket=b0084639-90db-4242-9609-f992d400a793:0
[  612892ms] [ERROR] Failed to load resource: the server responded with a status of 401 (Unauthorized) @ http://localhost:8081/notifications/stream?ticket=7e365718-927d-4a9f-9b8f-e7aa7147f8f6:0
[  613902ms] [ERROR] Failed to load resource: the server responded with a status of 401 (Unauthorized) @ http://localhost:8081/notifications/stream?ticket=89ca9843-125f-4cf4-a07a-f6ef3d4ab5c5:0
[  614912ms] [ERROR] Failed to load resource: the server responded with a status of 401 (Unauthorized) @ http://localhost:8081/notifications/stream?ticket=b0309fe0-3ec3-4026-8d5d-94e53b587754:0
[  615921ms] [ERROR] Failed to load resource: the server responded with a status of 401 (Unauthorized) @ http://localhost:8081/notifications/stream?ticket=cbb135b0-3a5d-4e52-8c70-71b025eff19f:0
[  616933ms] [ERROR] Failed to load resource: the server responded with a status of 401 (Unauthorized) @ http://localhost:8081/notifications/stream?ticket=72374c3b-9ed2-42ac-931d-7cd7941d434e:0
[  617944ms] [ERROR] Failed to load resource: the server responded with a status of 401 (Unauthorized) @ http://localhost:8081/notifications/stream?ticket=a7ff1779-acef-42c4-9eeb-fa2555c315d4:0
[  618951ms] [ERROR] Failed to load resource: the server responded with a status of 401 (Unauthorized) @ http://localhost:8081/notifications/stream?ticket=244fc5c5-e219-40f8-b24c-75bce5bb8747:0
[  619958ms] [ERROR] Failed to load resource: the server responded with a status of 401 (Unauthorized) @ http://localhost:8081/notifications/stream?ticket=66e50485-c73c-4e3c-b4ad-967aabbda540:0
[  620969ms] [ERROR] Failed to load resource: the server responded with a status of 401 (Unauthorized) @ http://localhost:8081/notifications/stream?ticket=36c4aeba-0541-4e1e-8064-ce17917e14e4:0
[  621983ms] [ERROR] Failed to load resource: the server responded with a status of 401 (Unauthorized) @ http://localhost:8081/notifications/stream?ticket=d256a0d4-8b3a-4843-8ef7-2e52b1838261:0
[  622996ms] [ERROR] Failed to load resource: the server responded with a status of 401 (Unauthorized) @ http://localhost:8081/notifications/stream?ticket=5c828183-5c74-4822-b2c2-2de217750c57:0
[  624011ms] [ERROR] Failed to load resource: the server responded with a status of 401 (Unauthorized) @ http://localhost:8081/notifications/stream?ticket=48735c58-158b-4dab-a807-7679159c1bce:0
[  625020ms] [ERROR] Failed to load resource: the server responded with a status of 401 (Unauthorized) @ http://localhost:8081/notifications/stream?ticket=3a65fead-6824-4370-b228-d80edf67375c:0
[  626031ms] [ERROR] Failed to load resource: the server responded with a status of 401 (Unauthorized) @ http://localhost:8081/notifications/stream?ticket=d02322ce-5020-44dd-a1bf-d23e65edd024:0
[  627046ms] [ERROR] Failed to load resource: the server responded with a status of 401 (Unauthorized) @ http://localhost:8081/notifications/stream?ticket=7fd9a8d0-5869-4ac7-bfcd-732005afb79f:0
[  628054ms] [ERROR] Failed to load resource: the server responded with a status of 401 (Unauthorized) @ http://localhost:8081/notifications/stream?ticket=b900e606-61c0-4943-9ca9-1594a5809605:0
[  629064ms] [ERROR] Failed to load resource: the server responded with a status of 401 (Unauthorized) @ http://localhost:8081/notifications/stream?ticket=4549c5c5-0c50-4107-bd57-3d96eaeda227:0
[  630072ms] [ERROR] Failed to load resource: the server responded with a status of 401 (Unauthorized) @ http://localhost:8081/notifications/stream?ticket=fd5d3711-bbf9-4cda-a1a9-5668fb3675af:0
[  631084ms] [ERROR] Failed to load resource: the server responded with a status of 401 (Unauthorized) @ http://localhost:8081/notifications/stream?ticket=053d371b-0ae2-4d27-820d-16dfc2c2aa9c:0
[  632101ms] [ERROR] Failed to load resource: the server responded with a status of 401 (Unauthorized) @ http://localhost:8081/notifications/stream?ticket=901d6066-88e3-4d18-bc3c-ba858e6756e8:0
[  633110ms] [ERROR] Failed to load resource: the server responded with a status of 401 (Unauthorized) @ http://localhost:8081/notifications/stream?ticket=144b543f-7231-46be-a3ed-b0e4778d5cc4:0
[  634120ms] [ERROR] Failed to load resource: the server responded with a status of 401 (Unauthorized) @ http://localhost:8081/notifications/stream?ticket=c61cff58-d0f7-4b4d-8dc8-c06fa1222f41:0
[  635125ms] [ERROR] Failed to load resource: the server responded with a status of 401 (Unauthorized) @ http://localhost:8081/notifications/stream?ticket=94a7cdbf-1fce-495b-b792-df909f7d74f7:0
[  636144ms] [ERROR] Failed to load resource: the server responded with a status of 401 (Unauthorized) @ http://localhost:8081/notifications/stream?ticket=ebfebdad-fe6a-4e04-9c39-01e41a80010b:0
[  637155ms] [ERROR] Failed to load resource: the server responded with a status of 401 (Unauthorized) @ http://localhost:8081/notifications/stream?ticket=b195248b-bed0-46a5-b422-c3e4da2c8681:0
[  638162ms] [ERROR] Failed to load resource: the server responded with a status of 401 (Unauthorized) @ http://localhost:8081/notifications/stream?ticket=e1d6068e-ba61-4dbf-a923-45ce272e6a11:0
[  639174ms] [ERROR] Failed to load resource: the server responded with a status of 401 (Unauthorized) @ http://localhost:8081/notifications/stream?ticket=796c9455-5519-4e6f-a5a3-6d434db0501a:0
[  640188ms] [ERROR] Failed to load resource: the server responded with a status of 401 (Unauthorized) @ http://localhost:8081/notifications/stream?ticket=2e9a84e0-9cb5-4af9-8adf-907975a0759f:0
[  641197ms] [ERROR] Failed to load resource: the server responded with a status of 401 (Unauthorized) @ http://localhost:8081/notifications/stream?ticket=cfbe4f88-6c31-4476-b00f-4757e93ffad2:0
[  642206ms] [ERROR] Failed to load resource: the server responded with a status of 401 (Unauthorized) @ http://localhost:8081/notifications/stream?ticket=a5c486fe-c4df-4a03-acfc-7bd289fdce73:0
[  643217ms] [ERROR] Failed to load resource: the server responded with a status of 401 (Unauthorized) @ http://localhost:8081/notifications/stream?ticket=540f7056-17ae-4204-8cd9-e4b156ce2f8a:0
[  644230ms] [ERROR] Failed to load resource: the server responded with a status of 401 (Unauthorized) @ http://localhost:8081/notifications/stream?ticket=a69baff8-e321-4912-9e44-b070dbd66156:0
[  645238ms] [ERROR] Failed to load resource: the server responded with a status of 401 (Unauthorized) @ http://localhost:8081/notifications/stream?ticket=6f816b43-65e1-488d-8d6a-16017c64f72d:0
[  646245ms] [ERROR] Failed to load resource: the server responded with a status of 401 (Unauthorized) @ http://localhost:8081/notifications/stream?ticket=738a14bb-9025-4900-af12-27f0a61c964e:0
[  647253ms] [ERROR] Failed to load resource: the server responded with a status of 401 (Unauthorized) @ http://localhost:8081/notifications/stream?ticket=f95aa0cf-6693-499b-84ea-5df62fdfff49:0
[  648260ms] [ERROR] Failed to load resource: the server responded with a status of 401 (Unauthorized) @ http://localhost:8081/notifications/stream?ticket=93f961d6-102c-4cc7-8e73-f4fc08407bb8:0
[  649269ms] [ERROR] Failed to load resource: the server responded with a status of 401 (Unauthorized) @ http://localhost:8081/notifications/stream?ticket=393181eb-5190-400e-b2ed-1a701d3dfd6d:0
[  650277ms] [ERROR] Failed to load resource: the server responded with a status of 401 (Unauthorized) @ http://localhost:8081/notifications/stream?ticket=51dd83be-4ec4-4296-8b6e-ffab0e664917:0
[  651282ms] [ERROR] Failed to load resource: the server responded with a status of 401 (Unauthorized) @ http://localhost:8081/notifications/stream?ticket=016235ba-000b-443c-9ecd-9dd70d1e4838:0
[  652296ms] [ERROR] Failed to load resource: the server responded with a status of 401 (Unauthorized) @ http://localhost:8081/notifications/stream?ticket=d3369880-fc06-4e3c-8c0f-1d37b4595b53:0
[  653302ms] [ERROR] Failed to load resource: the server responded with a status of 401 (Unauthorized) @ http://localhost:8081/notifications/stream?ticket=e8998e52-7667-4e6a-a0dc-3cd1641184c6:0
[  654308ms] [ERROR] Failed to load resource: the server responded with a status of 401 (Unauthorized) @ http://localhost:8081/notifications/stream?ticket=6043685c-6429-458a-b7f0-1cb0210f3729:0
[  655316ms] [ERROR] Failed to load resource: the server responded with a status of 401 (Unauthorized) @ http://localhost:8081/notifications/stream?ticket=2605026b-ea22-4c72-8a88-0eaabf3ada98:0
[  656321ms] [ERROR] Failed to load resource: the server responded with a status of 401 (Unauthorized) @ http://localhost:8081/notifications/stream?ticket=c8b0b7db-3fa0-40ca-9ff4-610d81fa0a2d:0
[  657328ms] [ERROR] Failed to load resource: the server responded with a status of 401 (Unauthorized) @ http://localhost:8081/notifications/stream?ticket=ae3c2bff-2149-4f98-8db8-e7bda0010f00:0
[  658334ms] [ERROR] Failed to load resource: the server responded with a status of 401 (Unauthorized) @ http://localhost:8081/notifications/stream?ticket=e035930e-8fd9-4e37-9d1a-523cd82ef000:0
[  659347ms] [ERROR] Failed to load resource: the server responded with a status of 401 (Unauthorized) @ http://localhost:8081/notifications/stream?ticket=b8b56282-c445-4429-b82f-a25838f18f95:0
[  660353ms] [ERROR] Failed to load resource: the server responded with a status of 401 (Unauthorized) @ http://localhost:8081/notifications/stream?ticket=aa7c53e3-88fd-4ba5-ad82-c50a909d527d:0
[  661358ms] [ERROR] Failed to load resource: the server responded with a status of 401 (Unauthorized) @ http://localhost:8081/notifications/stream?ticket=897f950f-472f-4b81-808c-797a932b7e7a:0
[  662369ms] [ERROR] Failed to load resource: the server responded with a status of 401 (Unauthorized) @ http://localhost:8081/notifications/stream?ticket=35da0b4d-a278-4282-a974-0f483f41c2de:0
[  663379ms] [ERROR] Failed to load resource: the server responded with a status of 401 (Unauthorized) @ http://localhost:8081/notifications/stream?ticket=a93c7e2d-159a-4988-89cd-95816fe5a298:0
[  664388ms] [ERROR] Failed to load resource: the server responded with a status of 401 (Unauthorized) @ http://localhost:8081/notifications/stream?ticket=487deef9-2e00-4783-9ce6-7b0a5e429fd9:0
[  665394ms] [ERROR] Failed to load resource: the server responded with a status of 401 (Unauthorized) @ http://localhost:8081/notifications/stream?ticket=38486b83-8161-4211-98cc-369e4594c230:0
[  666401ms] [ERROR] Failed to load resource: the server responded with a status of 401 (Unauthorized) @ http://localhost:8081/notifications/stream?ticket=e919bb55-6a8b-4e63-b208-4e7d6552f45a:0
[  667413ms] [ERROR] Failed to load resource: the server responded with a status of 401 (Unauthorized) @ http://localhost:8081/notifications/stream?ticket=0f94fc31-adf5-4c90-9ac3-7e19aabf1805:0
[  668421ms] [ERROR] Failed to load resource: the server responded with a status of 401 (Unauthorized) @ http://localhost:8081/notifications/stream?ticket=d1e193f4-efb9-467d-af3a-60a0d3a02670:0
[  669428ms] [ERROR] Failed to load resource: the server responded with a status of 401 (Unauthorized) @ http://localhost:8081/notifications/stream?ticket=c420b44b-a1c2-4aaa-9653-6d3aebb3467c:0
[  670436ms] [ERROR] Failed to load resource: the server responded with a status of 401 (Unauthorized) @ http://localhost:8081/notifications/stream?ticket=50620d67-774e-497b-a87a-5f85e68fd85a:0
[  671447ms] [ERROR] Failed to load resource: the server responded with a status of 401 (Unauthorized) @ http://localhost:8081/notifications/stream?ticket=e9f5fbf9-41fc-4230-8102-05d9273d1e7c:0
[  672453ms] [ERROR] Failed to load resource: the server responded with a status of 401 (Unauthorized) @ http://localhost:8081/notifications/stream?ticket=375dd2a0-8ce9-4b67-8604-1da8dca0c44e:0
[  673464ms] [ERROR] Failed to load resource: the server responded with a status of 401 (Unauthorized) @ http://localhost:8081/notifications/stream?ticket=ac60a736-cce6-4833-8e56-27d80d4c1e51:0
[  674472ms] [ERROR] Failed to load resource: the server responded with a status of 401 (Unauthorized) @ http://localhost:8081/notifications/stream?ticket=668ecd5a-42ca-4eef-9ef0-f8f11e54f78b:0
[  675480ms] [ERROR] Failed to load resource: the server responded with a status of 401 (Unauthorized) @ http://localhost:8081/notifications/stream?ticket=36e12182-45cd-428d-97b5-bfd671729ad3:0
[  676493ms] [ERROR] Failed to load resource: the server responded with a status of 401 (Unauthorized) @ http://localhost:8081/notifications/stream?ticket=6cebe598-8054-428a-a765-52b38dd976ac:0
[  677503ms] [ERROR] Failed to load resource: the server responded with a status of 401 (Unauthorized) @ http://localhost:8081/notifications/stream?ticket=c1808f72-d3ea-4bdf-9e1e-b6a66b4a00f3:0
[  678514ms] [ERROR] Failed to load resource: the server responded with a status of 401 (Unauthorized) @ http://localhost:8081/notifications/stream?ticket=34418b30-7d52-4fab-8c4e-447baf148fad:0
[  679528ms] [ERROR] Failed to load resource: the server responded with a status of 401 (Unauthorized) @ http://localhost:8081/notifications/stream?ticket=6b8d01e6-2fe4-40fb-abe2-6be49967c884:0
[  680537ms] [ERROR] Failed to load resource: the server responded with a status of 401 (Unauthorized) @ http://localhost:8081/notifications/stream?ticket=33b81978-08c0-414f-8548-35826ce4b26f:0
[  681548ms] [ERROR] Failed to load resource: the server responded with a status of 401 (Unauthorized) @ http://localhost:8081/notifications/stream?ticket=96fc0a34-b18b-48d7-a2fa-e4106e3e52a9:0
[  682563ms] [ERROR] Failed to load resource: the server responded with a status of 401 (Unauthorized) @ http://localhost:8081/notifications/stream?ticket=7cd324ed-f4ee-42cc-9c75-1cb4f811eb0e:0
[  683571ms] [ERROR] Failed to load resource: the server responded with a status of 401 (Unauthorized) @ http://localhost:8081/notifications/stream?ticket=0a593d6e-0cb4-4a6e-9cf8-32348a0f8d5b:0
[  684580ms] [ERROR] Failed to load resource: the server responded with a status of 401 (Unauthorized) @ http://localhost:8081/notifications/stream?ticket=7866f083-c047-46e6-9e5d-b67a264580fa:0
[  685584ms] [ERROR] Failed to load resource: the server responded with a status of 401 (Unauthorized) @ http://localhost:8081/notifications/stream?ticket=223ceda4-409f-4db7-b3c6-220db16b5edc:0
[  686603ms] [ERROR] Failed to load resource: the server responded with a status of 401 (Unauthorized) @ http://localhost:8081/notifications/stream?ticket=e76f56e4-996c-49bd-ab38-e18d45f52dde:0
[  687617ms] [ERROR] Failed to load resource: the server responded with a status of 401 (Unauthorized) @ http://localhost:8081/notifications/stream?ticket=abd76acd-8e43-4f65-95bf-707c7c09ce89:0
[  688629ms] [ERROR] Failed to load resource: the server responded with a status of 401 (Unauthorized) @ http://localhost:8081/notifications/stream?ticket=80d69b4f-fbb9-4299-b84f-435fd4dd93d7:0
[  689636ms] [ERROR] Failed to load resource: the server responded with a status of 401 (Unauthorized) @ http://localhost:8081/notifications/stream?ticket=65f0db06-726c-40e0-b639-a06bb5b71cb6:0
[  690642ms] [ERROR] Failed to load resource: the server responded with a status of 401 (Unauthorized) @ http://localhost:8081/notifications/stream?ticket=61e229b0-a93e-4fef-8b85-645a616d0337:0
[  691653ms] [ERROR] Failed to load resource: the server responded with a status of 401 (Unauthorized) @ http://localhost:8081/notifications/stream?ticket=a278569c-59b7-4a84-8fef-31681ffe6901:0
[  692659ms] [ERROR] Failed to load resource: the server responded with a status of 401 (Unauthorized) @ http://localhost:8081/notifications/stream?ticket=c32c5979-ba60-4594-b024-4b74bee75067:0
[  693668ms] [ERROR] Failed to load resource: the server responded with a status of 401 (Unauthorized) @ http://localhost:8081/notifications/stream?ticket=22485690-919c-4bea-8acc-55a9da4d7708:0
[  694675ms] [ERROR] Failed to load resource: the server responded with a status of 401 (Unauthorized) @ http://localhost:8081/notifications/stream?ticket=9b095a05-f884-48e5-8daf-425be7c1c6bf:0
[  695681ms] [ERROR] Failed to load resource: the server responded with a status of 401 (Unauthorized) @ http://localhost:8081/notifications/stream?ticket=a9ead186-fcd9-42aa-9a76-2921cc8e61f5:0
[  696687ms] [ERROR] Failed to load resource: the server responded with a status of 401 (Unauthorized) @ http://localhost:8081/notifications/stream?ticket=78c24596-581a-4626-bed8-8a03e5abd001:0
[  697693ms] [ERROR] Failed to load resource: the server responded with a status of 401 (Unauthorized) @ http://localhost:8081/notifications/stream?ticket=a1572c57-724b-47b0-a141-1a19c704576f:0
[  698698ms] [ERROR] Failed to load resource: the server responded with a status of 401 (Unauthorized) @ http://localhost:8081/notifications/stream?ticket=c4b0ac50-92a7-4d59-8ca5-7b69bc1868e6:0
[  699711ms] [ERROR] Failed to load resource: the server responded with a status of 401 (Unauthorized) @ http://localhost:8081/notifications/stream?ticket=5e1ea0bb-a581-4c3c-b58b-3c8323da5414:0
[  700722ms] [ERROR] Failed to load resource: the server responded with a status of 401 (Unauthorized) @ http://localhost:8081/notifications/stream?ticket=d564127b-095d-44a9-a72f-a8758f4d3440:0
[  701734ms] [ERROR] Failed to load resource: the server responded with a status of 401 (Unauthorized) @ http://localhost:8081/notifications/stream?ticket=e45591b3-4ad0-403d-bd8c-5a143a5a4648:0
[  702747ms] [ERROR] Failed to load resource: the server responded with a status of 401 (Unauthorized) @ http://localhost:8081/notifications/stream?ticket=00959b1b-e2d5-47d7-ae97-c6f65c85f8d6:0
[  703757ms] [ERROR] Failed to load resource: the server responded with a status of 401 (Unauthorized) @ http://localhost:8081/notifications/stream?ticket=5e79f7c9-56ab-44e4-84bb-b5084fe944a6:0
[  704769ms] [ERROR] Failed to load resource: the server responded with a status of 401 (Unauthorized) @ http://localhost:8081/notifications/stream?ticket=2075bf80-63e4-4764-a82b-65a39a219a4c:0
[  705776ms] [ERROR] Failed to load resource: the server responded with a status of 401 (Unauthorized) @ http://localhost:8081/notifications/stream?ticket=f511493d-5e24-4f07-b1f0-1fed28f2eb0a:0
[  706786ms] [ERROR] Failed to load resource: the server responded with a status of 401 (Unauthorized) @ http://localhost:8081/notifications/stream?ticket=98a6f389-29d4-43d5-a5dd-ba313d32b586:0
[  707797ms] [ERROR] Failed to load resource: the server responded with a status of 401 (Unauthorized) @ http://localhost:8081/notifications/stream?ticket=cfb66648-67ea-49b8-acaa-4457e34dc72a:0
[  708810ms] [ERROR] Failed to load resource: the server responded with a status of 401 (Unauthorized) @ http://localhost:8081/notifications/stream?ticket=59a8a815-0862-43dc-98f2-b7c4548374e6:0
[  709818ms] [ERROR] Failed to load resource: the server responded with a status of 401 (Unauthorized) @ http://localhost:8081/notifications/stream?ticket=f59d9b1e-f103-46e0-b758-56430a3fc4f8:0
[  710830ms] [ERROR] Failed to load resource: the server responded with a status of 401 (Unauthorized) @ http://localhost:8081/notifications/stream?ticket=a8ee85f2-629d-486d-9f8a-77bd5d4894cf:0
[  711840ms] [ERROR] Failed to load resource: the server responded with a status of 401 (Unauthorized) @ http://localhost:8081/notifications/stream?ticket=1aeea530-b25b-48a6-8484-b6938a134704:0
[  712849ms] [ERROR] Failed to load resource: the server responded with a status of 401 (Unauthorized) @ http://localhost:8081/notifications/stream?ticket=b303acd7-5398-45d0-ac84-06f912cadfb6:0
[  713854ms] [ERROR] Failed to load resource: the server responded with a status of 401 (Unauthorized) @ http://localhost:8081/notifications/stream?ticket=79ba937f-3faf-492a-b434-6ae5739a6ff2:0
[  714861ms] [ERROR] Failed to load resource: the server responded with a status of 401 (Unauthorized) @ http://localhost:8081/notifications/stream?ticket=65024af8-03f3-4cee-8933-030d48a62cee:0
[  715870ms] [ERROR] Failed to load resource: the server responded with a status of 401 (Unauthorized) @ http://localhost:8081/notifications/stream?ticket=4437c54e-7e83-48a2-a391-aedba1d9a5c7:0
[  716875ms] [ERROR] Failed to load resource: the server responded with a status of 401 (Unauthorized) @ http://localhost:8081/notifications/stream?ticket=83e5d556-977b-4b92-9652-885b745fbc75:0
[  717891ms] [ERROR] Failed to load resource: the server responded with a status of 401 (Unauthorized) @ http://localhost:8081/notifications/stream?ticket=0b833c42-4fe8-4db2-a7fd-36e3e5a5a711:0
[  718898ms] [ERROR] Failed to load resource: the server responded with a status of 401 (Unauthorized) @ http://localhost:8081/notifications/stream?ticket=f0b12b9a-b578-4798-92b9-9b7df67fbd59:0
[  719905ms] [ERROR] Failed to load resource: the server responded with a status of 401 (Unauthorized) @ http://localhost:8081/notifications/stream?ticket=39c49206-066b-41f8-a938-2cf8c8d76d93:0
[  720912ms] [ERROR] Failed to load resource: the server responded with a status of 401 (Unauthorized) @ http://localhost:8081/notifications/stream?ticket=aac334fa-64c5-4a58-9777-89fe7670db73:0
[  721917ms] [ERROR] Failed to load resource: the server responded with a status of 401 (Unauthorized) @ http://localhost:8081/notifications/stream?ticket=497c3957-017c-4912-adec-88b269a0a493:0
[  722931ms] [ERROR] Failed to load resource: the server responded with a status of 401 (Unauthorized) @ http://localhost:8081/notifications/stream?ticket=1b709520-9de1-4eb9-a0ec-b8ea20667a71:0
[  723945ms] [ERROR] Failed to load resource: the server responded with a status of 401 (Unauthorized) @ http://localhost:8081/notifications/stream?ticket=5b30c8f2-df9b-4946-808e-146d63f0059f:0
[  724964ms] [ERROR] Failed to load resource: the server responded with a status of 401 (Unauthorized) @ http://localhost:8081/notifications/stream?ticket=834f1323-3bc4-498c-ac45-4d1ca5e1da9d:0
[  725979ms] [ERROR] Failed to load resource: the server responded with a status of 401 (Unauthorized) @ http://localhost:8081/notifications/stream?ticket=a1f603fa-f046-4395-9fe2-64ce61298c4f:0
[  726990ms] [ERROR] Failed to load resource: the server responded with a status of 401 (Unauthorized) @ http://localhost:8081/notifications/stream?ticket=a80bd2b4-bb26-45f1-b5e3-07ebb4564f05:0
[  728004ms] [ERROR] Failed to load resource: the server responded with a status of 401 (Unauthorized) @ http://localhost:8081/notifications/stream?ticket=77d5e900-05c9-42ad-8748-7ab1309c75dc:0
[  729015ms] [ERROR] Failed to load resource: the server responded with a status of 401 (Unauthorized) @ http://localhost:8081/notifications/stream?ticket=028eaf1e-0be3-412b-a223-024492e19f18:0
[  730019ms] [ERROR] Failed to load resource: the server responded with a status of 401 (Unauthorized) @ http://localhost:8081/notifications/stream?ticket=a28b63cf-824f-4a36-bc32-17e9d15783d9:0
[  731030ms] [ERROR] Failed to load resource: the server responded with a status of 401 (Unauthorized) @ http://localhost:8081/notifications/stream?ticket=7e7e587c-b9ab-4fa8-888d-b3af57f028e3:0
[  732043ms] [ERROR] Failed to load resource: the server responded with a status of 401 (Unauthorized) @ http://localhost:8081/notifications/stream?ticket=0da43f37-a3be-429f-9b15-6f6d190275db:0
[  733058ms] [ERROR] Failed to load resource: the server responded with a status of 401 (Unauthorized) @ http://localhost:8081/notifications/stream?ticket=84555d94-6e93-4ba7-9e49-801a3a9d3bbe:0
[  734068ms] [ERROR] Failed to load resource: the server responded with a status of 401 (Unauthorized) @ http://localhost:8081/notifications/stream?ticket=83150342-c8be-42cb-b3d9-ab15e22d5c23:0
[  735081ms] [ERROR] Failed to load resource: the server responded with a status of 401 (Unauthorized) @ http://localhost:8081/notifications/stream?ticket=160afb3a-7186-43e7-9ace-e68816e11b89:0
[  736095ms] [ERROR] Failed to load resource: the server responded with a status of 401 (Unauthorized) @ http://localhost:8081/notifications/stream?ticket=5b680797-3692-4d4e-bc28-ee42fb97f196:0
[  737111ms] [ERROR] Failed to load resource: the server responded with a status of 401 (Unauthorized) @ http://localhost:8081/notifications/stream?ticket=cdd41cb1-d976-483d-8e06-ee60bfd14c51:0
[  738126ms] [ERROR] Failed to load resource: the server responded with a status of 401 (Unauthorized) @ http://localhost:8081/notifications/stream?ticket=33f6dcdc-d61e-4733-8fb9-950a2633ff73:0
[  739139ms] [ERROR] Failed to load resource: the server responded with a status of 401 (Unauthorized) @ http://localhost:8081/notifications/stream?ticket=8586b05d-befe-47e6-a86b-9642282095b3:0
[  740150ms] [ERROR] Failed to load resource: the server responded with a status of 401 (Unauthorized) @ http://localhost:8081/notifications/stream?ticket=c430b2cf-2189-4e59-b41d-269a0c4523d1:0
[  741165ms] [ERROR] Failed to load resource: the server responded with a status of 401 (Unauthorized) @ http://localhost:8081/notifications/stream?ticket=f1695637-b1bb-4d17-bbbc-6ad52a7a0f34:0
[  742179ms] [ERROR] Failed to load resource: the server responded with a status of 401 (Unauthorized) @ http://localhost:8081/notifications/stream?ticket=f57faa85-7218-45df-976d-f38419bd6ae4:0
[  743195ms] [ERROR] Failed to load resource: the server responded with a status of 401 (Unauthorized) @ http://localhost:8081/notifications/stream?ticket=2dc11b85-8c15-4afb-b512-d62ec722586c:0
[  744209ms] [ERROR] Failed to load resource: the server responded with a status of 401 (Unauthorized) @ http://localhost:8081/notifications/stream?ticket=5f0b138d-56f9-4750-af5e-0d9311477a2a:0
[  745221ms] [ERROR] Failed to load resource: the server responded with a status of 401 (Unauthorized) @ http://localhost:8081/notifications/stream?ticket=29dc6c29-d4d6-4ac0-92b8-e6fa58b11d9b:0
[  746226ms] [ERROR] Failed to load resource: the server responded with a status of 401 (Unauthorized) @ http://localhost:8081/notifications/stream?ticket=9fd6ce2e-323b-45d0-aa4b-1e68cc0c6f5f:0
[  747237ms] [ERROR] Failed to load resource: the server responded with a status of 401 (Unauthorized) @ http://localhost:8081/notifications/stream?ticket=45ca61bc-a6c3-4c2a-933c-f226636349a9:0
[  748249ms] [ERROR] Failed to load resource: the server responded with a status of 401 (Unauthorized) @ http://localhost:8081/notifications/stream?ticket=4fd42b00-f3d3-4130-b7a1-4471f6480a59:0
[  749256ms] [ERROR] Failed to load resource: the server responded with a status of 401 (Unauthorized) @ http://localhost:8081/notifications/stream?ticket=78e7f4a7-99b5-423f-a5f6-6c4265e40604:0
[  750263ms] [ERROR] Failed to load resource: the server responded with a status of 401 (Unauthorized) @ http://localhost:8081/notifications/stream?ticket=63644b36-6bbf-43b8-9d01-a2549ac925e0:0
[  751279ms] [ERROR] Failed to load resource: the server responded with a status of 401 (Unauthorized) @ http://localhost:8081/notifications/stream?ticket=0d9daee0-e2e4-463d-a747-c7bc69dafc75:0
[  752294ms] [ERROR] Failed to load resource: the server responded with a status of 401 (Unauthorized) @ http://localhost:8081/notifications/stream?ticket=eb3e6d7d-4c06-41c9-8b2c-7b315907e68c:0
[  753311ms] [ERROR] Failed to load resource: the server responded with a status of 401 (Unauthorized) @ http://localhost:8081/notifications/stream?ticket=998c55bc-8edb-4b36-ba03-92939553ab25:0
[  754324ms] [ERROR] Failed to load resource: the server responded with a status of 401 (Unauthorized) @ http://localhost:8081/notifications/stream?ticket=60e2cf60-b618-44bb-bfe0-41e769d6a680:0
[  755348ms] [ERROR] Failed to load resource: the server responded with a status of 401 (Unauthorized) @ http://localhost:8081/notifications/stream?ticket=c624f740-cc47-4790-b912-0459a451fdda:0
[  756362ms] [ERROR] Failed to load resource: the server responded with a status of 401 (Unauthorized) @ http://localhost:8081/notifications/stream?ticket=5d871a3b-4540-4b6c-81f7-e65fe8c76486:0
[  757381ms] [ERROR] Failed to load resource: the server responded with a status of 401 (Unauthorized) @ http://localhost:8081/notifications/stream?ticket=00ca16e6-0aae-4c21-bb75-82f72fb3d9a4:0
[  758390ms] [ERROR] Failed to load resource: the server responded with a status of 401 (Unauthorized) @ http://localhost:8081/notifications/stream?ticket=3e411dca-270b-4fe5-ad70-adb5fc810580:0
[  759396ms] [ERROR] Failed to load resource: the server responded with a status of 401 (Unauthorized) @ http://localhost:8081/notifications/stream?ticket=59e82e8f-63b9-4b20-9d44-8d1c09c5d556:0
[  760411ms] [ERROR] Failed to load resource: the server responded with a status of 401 (Unauthorized) @ http://localhost:8081/notifications/stream?ticket=95fa2f53-1a82-463d-b754-87fa6008c4ed:0
[  761415ms] [ERROR] Failed to load resource: the server responded with a status of 401 (Unauthorized) @ http://localhost:8081/notifications/stream?ticket=88c1027a-b6ca-41f7-a775-af4621c0c866:0
[  762421ms] [ERROR] Failed to load resource: the server responded with a status of 401 (Unauthorized) @ http://localhost:8081/notifications/stream?ticket=08be8dae-8a19-456a-8102-37cf584647d6:0
[  763433ms] [ERROR] Failed to load resource: the server responded with a status of 401 (Unauthorized) @ http://localhost:8081/notifications/stream?ticket=9c17c83b-ab44-4589-ae0e-1b3de4db3994:0
[  764444ms] [ERROR] Failed to load resource: the server responded with a status of 401 (Unauthorized) @ http://localhost:8081/notifications/stream?ticket=2114ace1-df45-4eb5-8c8e-c22d25b6af07:0
[  765451ms] [ERROR] Failed to load resource: the server responded with a status of 401 (Unauthorized) @ http://localhost:8081/notifications/stream?ticket=c913bb7f-06c0-46de-9c2d-f7a3915e5679:0
[  766464ms] [ERROR] Failed to load resource: the server responded with a status of 401 (Unauthorized) @ http://localhost:8081/notifications/stream?ticket=336a10dd-ea96-4002-805d-56b43cf98081:0
[  767479ms] [ERROR] Failed to load resource: the server responded with a status of 401 (Unauthorized) @ http://localhost:8081/notifications/stream?ticket=5d1a01cb-c614-4d03-b74e-a60dccc34bda:0
[  768501ms] [ERROR] Failed to load resource: the server responded with a status of 401 (Unauthorized) @ http://localhost:8081/notifications/stream?ticket=abf5163c-f0c6-47ba-835b-6cee397dcd6e:0
[  769508ms] [ERROR] Failed to load resource: the server responded with a status of 401 (Unauthorized) @ http://localhost:8081/notifications/stream?ticket=d04e1ee8-5212-44b3-bb67-ae984ef63c5f:0
[  770516ms] [ERROR] Failed to load resource: the server responded with a status of 401 (Unauthorized) @ http://localhost:8081/notifications/stream?ticket=ac2ef2e4-4e44-4c6f-afa0-b8c13913d96b:0
[  771534ms] [ERROR] Failed to load resource: the server responded with a status of 401 (Unauthorized) @ http://localhost:8081/notifications/stream?ticket=281d756b-0fd2-4c7a-bf22-b599ab83329b:0
[  772551ms] [ERROR] Failed to load resource: the server responded with a status of 401 (Unauthorized) @ http://localhost:8081/notifications/stream?ticket=0d0c52c7-616b-45ae-b226-9b2c3a36be0d:0
[  773564ms] [ERROR] Failed to load resource: the server responded with a status of 401 (Unauthorized) @ http://localhost:8081/notifications/stream?ticket=412178ed-b8bf-4a38-9ff0-9cb6bb16af7d:0
[  774579ms] [ERROR] Failed to load resource: the server responded with a status of 401 (Unauthorized) @ http://localhost:8081/notifications/stream?ticket=80d7433b-d136-4668-9c77-b20ebe721fd2:0
[  775588ms] [ERROR] Failed to load resource: the server responded with a status of 401 (Unauthorized) @ http://localhost:8081/notifications/stream?ticket=6c14bd5d-ec7b-4385-a1d4-2fe4710c61b5:0
[  776606ms] [ERROR] Failed to load resource: the server responded with a status of 401 (Unauthorized) @ http://localhost:8081/notifications/stream?ticket=6f7231be-4e78-471f-aaee-c7fefb2ad180:0
[  777612ms] [ERROR] Failed to load resource: the server responded with a status of 401 (Unauthorized) @ http://localhost:8081/notifications/stream?ticket=9fb6a17c-715e-4d31-906b-3cf8d4b47efb:0
[  778627ms] [ERROR] Failed to load resource: the server responded with a status of 401 (Unauthorized) @ http://localhost:8081/notifications/stream?ticket=6e20c7a0-dadc-45e3-b06b-df9c5423d922:0
[  779638ms] [ERROR] Failed to load resource: the server responded with a status of 401 (Unauthorized) @ http://localhost:8081/notifications/stream?ticket=87c0c32b-0986-4f2e-a47d-cc6a7b6d9a3e:0
[  780649ms] [ERROR] Failed to load resource: the server responded with a status of 401 (Unauthorized) @ http://localhost:8081/notifications/stream?ticket=0859e507-5ebd-4d0b-80e3-033ee1ffb033:0
[  781661ms] [ERROR] Failed to load resource: the server responded with a status of 401 (Unauthorized) @ http://localhost:8081/notifications/stream?ticket=2e3ffb98-363a-4b7e-ab40-811df48cc387:0
[  782676ms] [ERROR] Failed to load resource: the server responded with a status of 401 (Unauthorized) @ http://localhost:8081/notifications/stream?ticket=3fca0d17-ab4c-4931-b623-5b10956dfd13:0
[  783687ms] [ERROR] Failed to load resource: the server responded with a status of 401 (Unauthorized) @ http://localhost:8081/notifications/stream?ticket=fd28634d-c372-4208-af73-fad3d5fb26ba:0
[  784698ms] [ERROR] Failed to load resource: the server responded with a status of 401 (Unauthorized) @ http://localhost:8081/notifications/stream?ticket=520a3eee-15c1-4748-8c5e-e44b8bbb7472:0
[  785707ms] [ERROR] Failed to load resource: the server responded with a status of 401 (Unauthorized) @ http://localhost:8081/notifications/stream?ticket=8496a15d-b7dc-46cf-9852-0406c7658f40:0
[  786718ms] [ERROR] Failed to load resource: the server responded with a status of 401 (Unauthorized) @ http://localhost:8081/notifications/stream?ticket=6a1dfeb6-2fc8-4d4c-a507-9d8d0eddd3ae:0
[  787729ms] [ERROR] Failed to load resource: the server responded with a status of 401 (Unauthorized) @ http://localhost:8081/notifications/stream?ticket=45a25d21-146b-44ab-9f9d-0fc5fdb3ae75:0
[  788743ms] [ERROR] Failed to load resource: the server responded with a status of 401 (Unauthorized) @ http://localhost:8081/notifications/stream?ticket=0c0f0ef0-98e3-442c-bd08-dcd31bb75541:0
[  789754ms] [ERROR] Failed to load resource: the server responded with a status of 401 (Unauthorized) @ http://localhost:8081/notifications/stream?ticket=9d6c3c26-3128-4321-8bd9-8a37bf980ad7:0
[  790761ms] [ERROR] Failed to load resource: the server responded with a status of 401 (Unauthorized) @ http://localhost:8081/notifications/stream?ticket=b887a516-9ac4-4ee3-b556-756b1660a6ea:0
[  791771ms] [ERROR] Failed to load resource: the server responded with a status of 401 (Unauthorized) @ http://localhost:8081/notifications/stream?ticket=02ab84ab-8bdd-40f5-a622-835c31c3c3ae:0
[  792775ms] [ERROR] Failed to load resource: the server responded with a status of 401 (Unauthorized) @ http://localhost:8081/notifications/stream?ticket=4e19fb26-cd12-4e94-ac98-0ec92ef7566a:0
[  793780ms] [ERROR] Failed to load resource: the server responded with a status of 401 (Unauthorized) @ http://localhost:8081/notifications/stream?ticket=c192b7fe-7eb3-4144-b0a5-e30dceb3ca67:0
[  794794ms] [ERROR] Failed to load resource: the server responded with a status of 401 (Unauthorized) @ http://localhost:8081/notifications/stream?ticket=884a6d55-3351-479a-a7a6-15e61b8c1825:0
[  795812ms] [ERROR] Failed to load resource: the server responded with a status of 401 (Unauthorized) @ http://localhost:8081/notifications/stream?ticket=8cfae110-a379-482b-9eb8-c3094a25cd10:0
[  796823ms] [ERROR] Failed to load resource: the server responded with a status of 401 (Unauthorized) @ http://localhost:8081/notifications/stream?ticket=1c553eb3-dd4f-42fd-b085-4002090f5b9e:0
[  797833ms] [ERROR] Failed to load resource: the server responded with a status of 401 (Unauthorized) @ http://localhost:8081/notifications/stream?ticket=347cd46d-b704-41fc-9d05-03496c5d419e:0
[  798844ms] [ERROR] Failed to load resource: the server responded with a status of 401 (Unauthorized) @ http://localhost:8081/notifications/stream?ticket=4f13331e-f0f0-4bcc-92a8-3813d9861057:0
[  799855ms] [ERROR] Failed to load resource: the server responded with a status of 401 (Unauthorized) @ http://localhost:8081/notifications/stream?ticket=cae8be49-d0f6-43a7-9fc5-3206155475b8:0
[  800860ms] [ERROR] Failed to load resource: the server responded with a status of 401 (Unauthorized) @ http://localhost:8081/notifications/stream?ticket=c0e125bf-93fd-4507-ad5a-95ac95a88389:0
[  801871ms] [ERROR] Failed to load resource: the server responded with a status of 401 (Unauthorized) @ http://localhost:8081/notifications/stream?ticket=855d0b6a-c601-4f99-b493-b8185631f097:0
[  802882ms] [ERROR] Failed to load resource: the server responded with a status of 401 (Unauthorized) @ http://localhost:8081/notifications/stream?ticket=c4560fcb-da38-444e-bebf-f0cdfb4992b6:0
[  803894ms] [ERROR] Failed to load resource: the server responded with a status of 401 (Unauthorized) @ http://localhost:8081/notifications/stream?ticket=9dafdf0a-98e7-44c3-b7c5-92772431a082:0
[  804904ms] [ERROR] Failed to load resource: the server responded with a status of 401 (Unauthorized) @ http://localhost:8081/notifications/stream?ticket=cca2c57d-16aa-44cb-8e26-580e54160df6:0
[  805910ms] [ERROR] Failed to load resource: the server responded with a status of 401 (Unauthorized) @ http://localhost:8081/notifications/stream?ticket=715edd26-f582-464c-b3de-6a2753bae826:0
[  806920ms] [ERROR] Failed to load resource: the server responded with a status of 401 (Unauthorized) @ http://localhost:8081/notifications/stream?ticket=c28ceced-e84b-4bf9-bcbe-1494708d4d62:0
[  807931ms] [ERROR] Failed to load resource: the server responded with a status of 401 (Unauthorized) @ http://localhost:8081/notifications/stream?ticket=f699b014-a08d-464f-a041-e1ffbf13d6c7:0
[  808943ms] [ERROR] Failed to load resource: the server responded with a status of 401 (Unauthorized) @ http://localhost:8081/notifications/stream?ticket=5abbae4b-10a4-4a43-8b31-d98339f2a36c:0
[  809959ms] [ERROR] Failed to load resource: the server responded with a status of 401 (Unauthorized) @ http://localhost:8081/notifications/stream?ticket=9a838955-5174-4af7-a09d-628636145092:0
[  810967ms] [ERROR] Failed to load resource: the server responded with a status of 401 (Unauthorized) @ http://localhost:8081/notifications/stream?ticket=2bdbcb8b-c92b-47cf-9915-a9bf0c800331:0
[  811984ms] [ERROR] Failed to load resource: the server responded with a status of 401 (Unauthorized) @ http://localhost:8081/notifications/stream?ticket=c6865e37-0a1c-47c8-9e44-ebc426048b67:0
[  813003ms] [ERROR] Failed to load resource: the server responded with a status of 401 (Unauthorized) @ http://localhost:8081/notifications/stream?ticket=4d05d0b5-ee2e-472b-a10b-472da1df29d8:0
[  814012ms] [ERROR] Failed to load resource: the server responded with a status of 401 (Unauthorized) @ http://localhost:8081/notifications/stream?ticket=72dd84ae-3e96-4e50-84bf-8972f6dc7222:0
[  815028ms] [ERROR] Failed to load resource: the server responded with a status of 401 (Unauthorized) @ http://localhost:8081/notifications/stream?ticket=590e4177-4ee6-40d1-9cdf-e5a7845b4c1e:0
[  816038ms] [ERROR] Failed to load resource: the server responded with a status of 401 (Unauthorized) @ http://localhost:8081/notifications/stream?ticket=10b120d3-92c8-4393-a576-a0bac82c2cef:0
[  817048ms] [ERROR] Failed to load resource: the server responded with a status of 401 (Unauthorized) @ http://localhost:8081/notifications/stream?ticket=49519dc4-ac11-4c32-9360-f616549fd7db:0
[  818064ms] [ERROR] Failed to load resource: the server responded with a status of 401 (Unauthorized) @ http://localhost:8081/notifications/stream?ticket=6256a007-eb71-45a1-83d6-784f94fea935:0
[  819072ms] [ERROR] Failed to load resource: the server responded with a status of 401 (Unauthorized) @ http://localhost:8081/notifications/stream?ticket=00560851-a768-496b-84b0-710ef17157ab:0
[  820084ms] [ERROR] Failed to load resource: the server responded with a status of 401 (Unauthorized) @ http://localhost:8081/notifications/stream?ticket=bcbb0de1-59dd-4574-8512-e6dfae23e71f:0
[  821099ms] [ERROR] Failed to load resource: the server responded with a status of 401 (Unauthorized) @ http://localhost:8081/notifications/stream?ticket=8423e624-7c15-456e-82ba-e064221a4327:0
[  822110ms] [ERROR] Failed to load resource: the server responded with a status of 401 (Unauthorized) @ http://localhost:8081/notifications/stream?ticket=d0f78e33-cc9c-481c-b863-b2e95955e780:0
[  823120ms] [ERROR] Failed to load resource: the server responded with a status of 401 (Unauthorized) @ http://localhost:8081/notifications/stream?ticket=835e8582-9108-4e48-aa77-3c39334d62d2:0
[  824128ms] [ERROR] Failed to load resource: the server responded with a status of 401 (Unauthorized) @ http://localhost:8081/notifications/stream?ticket=813701dd-59bd-48ab-88da-315459cb4083:0
[  825138ms] [ERROR] Failed to load resource: the server responded with a status of 401 (Unauthorized) @ http://localhost:8081/notifications/stream?ticket=29b141eb-5962-4500-ac60-618f943b8157:0
[  826148ms] [ERROR] Failed to load resource: the server responded with a status of 401 (Unauthorized) @ http://localhost:8081/notifications/stream?ticket=0f590837-dd11-4af3-8173-098d23a5b774:0
[  827161ms] [ERROR] Failed to load resource: the server responded with a status of 401 (Unauthorized) @ http://localhost:8081/notifications/stream?ticket=64ebc248-8d1e-4c0b-b2e6-44d2cf61c8a1:0
[  828168ms] [ERROR] Failed to load resource: the server responded with a status of 401 (Unauthorized) @ http://localhost:8081/notifications/stream?ticket=c80c1ae4-c247-498a-8a7b-a0289dded3ee:0
[  829182ms] [ERROR] Failed to load resource: the server responded with a status of 401 (Unauthorized) @ http://localhost:8081/notifications/stream?ticket=9799faec-5e51-4aab-a3b0-e0c0ce81415f:0
[  830199ms] [ERROR] Failed to load resource: the server responded with a status of 401 (Unauthorized) @ http://localhost:8081/notifications/stream?ticket=47e53cff-53b0-4563-8a7c-6fe0508a1e39:0
[  831210ms] [ERROR] Failed to load resource: the server responded with a status of 401 (Unauthorized) @ http://localhost:8081/notifications/stream?ticket=04618243-e2d9-4936-8f39-d8bec2c38bad:0
[  832218ms] [ERROR] Failed to load resource: the server responded with a status of 401 (Unauthorized) @ http://localhost:8081/notifications/stream?ticket=02b1d5f7-4cf8-46ff-8f4e-8e6595009221:0
[  833234ms] [ERROR] Failed to load resource: the server responded with a status of 401 (Unauthorized) @ http://localhost:8081/notifications/stream?ticket=92fe9075-948e-46ac-8e44-ce0fde4ab5f7:0
[  834243ms] [ERROR] Failed to load resource: the server responded with a status of 401 (Unauthorized) @ http://localhost:8081/notifications/stream?ticket=34023ece-c472-4d56-9456-6172f2dfdad7:0
[  835252ms] [ERROR] Failed to load resource: the server responded with a status of 401 (Unauthorized) @ http://localhost:8081/notifications/stream?ticket=0588858f-fc15-4fdd-9af0-5867a807f19a:0
[  836262ms] [ERROR] Failed to load resource: the server responded with a status of 401 (Unauthorized) @ http://localhost:8081/notifications/stream?ticket=2644048a-2c5a-4c87-a276-cf6ad749af43:0
[  837278ms] [ERROR] Failed to load resource: the server responded with a status of 401 (Unauthorized) @ http://localhost:8081/notifications/stream?ticket=253991ba-34a7-4a8e-b56e-429082dac33b:0
[  838287ms] [ERROR] Failed to load resource: the server responded with a status of 401 (Unauthorized) @ http://localhost:8081/notifications/stream?ticket=da9bbeb1-0fbe-4bc5-b054-cfe5c28d3dc7:0
[  839299ms] [ERROR] Failed to load resource: the server responded with a status of 401 (Unauthorized) @ http://localhost:8081/notifications/stream?ticket=5d247e92-c480-4a15-8868-89d5d651550d:0
[  840312ms] [ERROR] Failed to load resource: the server responded with a status of 401 (Unauthorized) @ http://localhost:8081/notifications/stream?ticket=8dd92a3c-7858-4620-9d93-867bfdf10532:0
[  841322ms] [ERROR] Failed to load resource: the server responded with a status of 401 (Unauthorized) @ http://localhost:8081/notifications/stream?ticket=26b84ff2-03b2-47ea-8a42-3d73ff0ce5e7:0
[  842333ms] [ERROR] Failed to load resource: the server responded with a status of 401 (Unauthorized) @ http://localhost:8081/notifications/stream?ticket=dc82d8e7-9208-4d63-bc0c-13fea6695026:0
[  843343ms] [ERROR] Failed to load resource: the server responded with a status of 401 (Unauthorized) @ http://localhost:8081/notifications/stream?ticket=cdfc2d77-ad18-4d09-92d8-312e1da8c6ab:0
[  844359ms] [ERROR] Failed to load resource: the server responded with a status of 401 (Unauthorized) @ http://localhost:8081/notifications/stream?ticket=54e35e47-9ed4-4b13-9611-af68428568b8:0
[  845367ms] [ERROR] Failed to load resource: the server responded with a status of 401 (Unauthorized) @ http://localhost:8081/notifications/stream?ticket=ca0886c5-278f-4cd0-83ce-6d8475b4bb23:0
[  846373ms] [ERROR] Failed to load resource: the server responded with a status of 401 (Unauthorized) @ http://localhost:8081/notifications/stream?ticket=a3806fb7-0c9a-4f8f-8204-1aa5dc5a75fc:0
[  847382ms] [ERROR] Failed to load resource: the server responded with a status of 401 (Unauthorized) @ http://localhost:8081/notifications/stream?ticket=7cf3dd06-7b6e-4908-bb78-18dc3d710baf:0
[  848388ms] [ERROR] Failed to load resource: the server responded with a status of 401 (Unauthorized) @ http://localhost:8081/notifications/stream?ticket=48fa53d6-fc9a-4553-a79c-d22de18ef7e9:0
[  849400ms] [ERROR] Failed to load resource: the server responded with a status of 401 (Unauthorized) @ http://localhost:8081/notifications/stream?ticket=f99fb6c1-f0dc-4652-9e3d-49b1867d1c53:0
[  850412ms] [ERROR] Failed to load resource: the server responded with a status of 401 (Unauthorized) @ http://localhost:8081/notifications/stream?ticket=fd154d84-1c0b-460e-b11f-71338609802e:0
[  851423ms] [ERROR] Failed to load resource: the server responded with a status of 401 (Unauthorized) @ http://localhost:8081/notifications/stream?ticket=b07f56df-298d-4102-aeb6-8fb9861f05be:0
[  852435ms] [ERROR] Failed to load resource: the server responded with a status of 401 (Unauthorized) @ http://localhost:8081/notifications/stream?ticket=32fcdca7-848b-44f6-a43c-5f8d4106d10d:0
[  853449ms] [ERROR] Failed to load resource: the server responded with a status of 401 (Unauthorized) @ http://localhost:8081/notifications/stream?ticket=71083d8b-d937-47e8-82f9-bf15a7616054:0
[  854463ms] [ERROR] Failed to load resource: the server responded with a status of 401 (Unauthorized) @ http://localhost:8081/notifications/stream?ticket=6c038780-81cc-4a5a-bf55-8ab0550e46d0:0
[  855481ms] [ERROR] Failed to load resource: the server responded with a status of 401 (Unauthorized) @ http://localhost:8081/notifications/stream?ticket=37608bfe-368e-46dc-899c-2155604579a1:0
[  856495ms] [ERROR] Failed to load resource: the server responded with a status of 401 (Unauthorized) @ http://localhost:8081/notifications/stream?ticket=278721ab-98f0-4d96-bf7f-0f6ffff123e3:0
[  857507ms] [ERROR] Failed to load resource: the server responded with a status of 401 (Unauthorized) @ http://localhost:8081/notifications/stream?ticket=56c8b5c7-0224-493c-a226-d6080a7015ac:0
[  858516ms] [ERROR] Failed to load resource: the server responded with a status of 401 (Unauthorized) @ http://localhost:8081/notifications/stream?ticket=583c8afa-5538-4595-bf3e-db63bc116cce:0
[  859529ms] [ERROR] Failed to load resource: the server responded with a status of 401 (Unauthorized) @ http://localhost:8081/notifications/stream?ticket=29e7288a-b910-466b-9752-f424fbb26b08:0
[  860538ms] [ERROR] Failed to load resource: the server responded with a status of 401 (Unauthorized) @ http://localhost:8081/notifications/stream?ticket=f0ba89c1-6d8e-4037-95a5-9b87849d10f2:0
[  861548ms] [ERROR] Failed to load resource: the server responded with a status of 401 (Unauthorized) @ http://localhost:8081/notifications/stream?ticket=4a27e897-fa43-4e4e-9f8c-8abab630889c:0
[  862556ms] [ERROR] Failed to load resource: the server responded with a status of 401 (Unauthorized) @ http://localhost:8081/notifications/stream?ticket=dac2c720-91b1-4642-aa55-062f7baa3ce2:0
[  863567ms] [ERROR] Failed to load resource: the server responded with a status of 401 (Unauthorized) @ http://localhost:8081/notifications/stream?ticket=44bdbace-6999-40f5-a03a-c4dc178167be:0
[  864581ms] [ERROR] Failed to load resource: the server responded with a status of 401 (Unauthorized) @ http://localhost:8081/notifications/stream?ticket=4cbb665a-a882-48c8-b79d-edea2d45c6bc:0
[  865597ms] [ERROR] Failed to load resource: the server responded with a status of 401 (Unauthorized) @ http://localhost:8081/notifications/stream?ticket=1b874843-1ea9-42e1-b460-804a9f2bafe6:0
[  866613ms] [ERROR] Failed to load resource: the server responded with a status of 401 (Unauthorized) @ http://localhost:8081/notifications/stream?ticket=84aebd09-2af5-46af-b25e-48b760e5c215:0
[  867622ms] [ERROR] Failed to load resource: the server responded with a status of 401 (Unauthorized) @ http://localhost:8081/notifications/stream?ticket=1cab4bc9-3f2d-4cf1-866b-7cda3e26785d:0
[  868634ms] [ERROR] Failed to load resource: the server responded with a status of 401 (Unauthorized) @ http://localhost:8081/notifications/stream?ticket=81ccdcd3-17b6-43f5-925e-5cd8a8de4156:0
[  869647ms] [ERROR] Failed to load resource: the server responded with a status of 401 (Unauthorized) @ http://localhost:8081/notifications/stream?ticket=e1d00a4b-7321-4bfa-86ef-35f0b87c47d6:0
[  870662ms] [ERROR] Failed to load resource: the server responded with a status of 401 (Unauthorized) @ http://localhost:8081/notifications/stream?ticket=d3c9f6d0-9248-4bc3-b2cf-69262d2d4eda:0
[  871673ms] [ERROR] Failed to load resource: the server responded with a status of 401 (Unauthorized) @ http://localhost:8081/notifications/stream?ticket=8f602ea8-b836-4b52-9735-680aeeb4fb87:0
[  872681ms] [ERROR] Failed to load resource: the server responded with a status of 401 (Unauthorized) @ http://localhost:8081/notifications/stream?ticket=51c11ed0-1702-43af-880f-2f7656064eaf:0
[  873691ms] [ERROR] Failed to load resource: the server responded with a status of 401 (Unauthorized) @ http://localhost:8081/notifications/stream?ticket=9fb02893-5468-456c-b6e0-360ee81b93b6:0
[  874702ms] [ERROR] Failed to load resource: the server responded with a status of 401 (Unauthorized) @ http://localhost:8081/notifications/stream?ticket=24dca720-38cc-4be6-9253-31bee45ba320:0
[  875720ms] [ERROR] Failed to load resource: the server responded with a status of 401 (Unauthorized) @ http://localhost:8081/notifications/stream?ticket=d7aabbab-d677-40b3-910b-bdbc11932542:0
[  876733ms] [ERROR] Failed to load resource: the server responded with a status of 401 (Unauthorized) @ http://localhost:8081/notifications/stream?ticket=36b8cfc1-0575-4c13-a887-b64254ce348c:0
[  877748ms] [ERROR] Failed to load resource: the server responded with a status of 401 (Unauthorized) @ http://localhost:8081/notifications/stream?ticket=ca9712d2-c6d1-472e-b766-36b215bed1a7:0
[  878762ms] [ERROR] Failed to load resource: the server responded with a status of 401 (Unauthorized) @ http://localhost:8081/notifications/stream?ticket=e9ba805e-a514-4513-a773-6e9cd36e3a23:0
[  879771ms] [ERROR] Failed to load resource: the server responded with a status of 401 (Unauthorized) @ http://localhost:8081/notifications/stream?ticket=1702ee89-91a6-4062-9c48-4468e290c1da:0
[  880780ms] [ERROR] Failed to load resource: the server responded with a status of 401 (Unauthorized) @ http://localhost:8081/notifications/stream?ticket=2907b75e-b8ed-458d-8679-7bc2b0323947:0
[  881791ms] [ERROR] Failed to load resource: the server responded with a status of 401 (Unauthorized) @ http://localhost:8081/notifications/stream?ticket=87372bfd-f638-41f3-a4f5-82c817c8cfcb:0
[  882804ms] [ERROR] Failed to load resource: the server responded with a status of 401 (Unauthorized) @ http://localhost:8081/notifications/stream?ticket=1069bd37-9025-4fae-b65c-4e043125f7ad:0
[  883817ms] [ERROR] Failed to load resource: the server responded with a status of 401 (Unauthorized) @ http://localhost:8081/notifications/stream?ticket=d13b0936-4b63-450f-a3f0-e475e8ba0f2b:0
[  884831ms] [ERROR] Failed to load resource: the server responded with a status of 401 (Unauthorized) @ http://localhost:8081/notifications/stream?ticket=d843048a-6e77-4542-902a-0e3d89c34b0a:0
[  885838ms] [ERROR] Failed to load resource: the server responded with a status of 401 (Unauthorized) @ http://localhost:8081/notifications/stream?ticket=2c73c457-da18-48f7-9b88-446f55c81c13:0
[  886851ms] [ERROR] Failed to load resource: the server responded with a status of 401 (Unauthorized) @ http://localhost:8081/notifications/stream?ticket=738c72fd-7f34-44c6-9629-3fd7229f9d87:0
[  887865ms] [ERROR] Failed to load resource: the server responded with a status of 401 (Unauthorized) @ http://localhost:8081/notifications/stream?ticket=1462324b-9207-4c2f-a478-1532c6dae992:0
[  888880ms] [ERROR] Failed to load resource: the server responded with a status of 401 (Unauthorized) @ http://localhost:8081/notifications/stream?ticket=3c8c979f-a6b7-4fc5-86da-22c73c4d6900:0
[  889890ms] [ERROR] Failed to load resource: the server responded with a status of 401 (Unauthorized) @ http://localhost:8081/notifications/stream?ticket=969cdfb1-34d3-4601-9f81-c43825c8134d:0
[  890904ms] [ERROR] Failed to load resource: the server responded with a status of 401 (Unauthorized) @ http://localhost:8081/notifications/stream?ticket=04901840-0673-4a90-902d-a0fd4e7b0a42:0
[  891916ms] [ERROR] Failed to load resource: the server responded with a status of 401 (Unauthorized) @ http://localhost:8081/notifications/stream?ticket=c4317e59-4e33-45b9-910a-c011ceadba6c:0
[  892934ms] [ERROR] Failed to load resource: the server responded with a status of 401 (Unauthorized) @ http://localhost:8081/notifications/stream?ticket=ad9e9841-07d0-414f-8098-722ecceebf45:0
[  893948ms] [ERROR] Failed to load resource: the server responded with a status of 401 (Unauthorized) @ http://localhost:8081/notifications/stream?ticket=603e75e0-deb3-4b28-9828-6cbf6330db55:0
[  894956ms] [ERROR] Failed to load resource: the server responded with a status of 401 (Unauthorized) @ http://localhost:8081/notifications/stream?ticket=d882eb56-ba93-4756-ab00-decf0b634272:0
[  895968ms] [ERROR] Failed to load resource: the server responded with a status of 401 (Unauthorized) @ http://localhost:8081/notifications/stream?ticket=e127ccae-a535-412a-aac3-22db26eabc59:0
[  896979ms] [ERROR] Failed to load resource: the server responded with a status of 401 (Unauthorized) @ http://localhost:8081/notifications/stream?ticket=248624b7-03ef-4c15-ab82-a0c2808b6883:0
[  897988ms] [ERROR] Failed to load resource: the server responded with a status of 401 (Unauthorized) @ http://localhost:8081/notifications/stream?ticket=232bf5f4-9062-4a65-9bfd-6d686148d3c6:0
[  898998ms] [ERROR] Failed to load resource: the server responded with a status of 401 (Unauthorized) @ http://localhost:8081/notifications/stream?ticket=7a5e4e19-aefc-408e-939a-58a58625828b:0
[  900012ms] [ERROR] Failed to load resource: the server responded with a status of 401 (Unauthorized) @ http://localhost:8081/notifications/stream?ticket=6d0c13b8-7a76-4d2f-be7b-fad359ed4958:0
[  901022ms] [ERROR] Failed to load resource: the server responded with a status of 401 (Unauthorized) @ http://localhost:8081/notifications/stream?ticket=ab489189-1af9-46d6-a98c-5836b88bf754:0
[  902032ms] [ERROR] Failed to load resource: the server responded with a status of 401 (Unauthorized) @ http://localhost:8081/notifications/stream?ticket=b32c5e8c-7574-4afb-9463-3266e29e292c:0
[  903040ms] [ERROR] Failed to load resource: the server responded with a status of 401 (Unauthorized) @ http://localhost:8081/notifications/stream?ticket=70df4e20-7ec1-4db0-9548-10cbafc6b08f:0
[  904050ms] [ERROR] Failed to load resource: the server responded with a status of 401 (Unauthorized) @ http://localhost:8081/notifications/stream?ticket=9545d89c-8371-4327-a664-aee68214bc41:0
[  905064ms] [ERROR] Failed to load resource: the server responded with a status of 401 (Unauthorized) @ http://localhost:8081/notifications/stream?ticket=af91cf50-5f6a-4a4b-ae78-9afb2b8a9cec:0
[  906075ms] [ERROR] Failed to load resource: the server responded with a status of 401 (Unauthorized) @ http://localhost:8081/notifications/stream?ticket=b13ca9c6-bded-4fdc-bb2f-a39f24e70e76:0
[  907086ms] [ERROR] Failed to load resource: the server responded with a status of 401 (Unauthorized) @ http://localhost:8081/notifications/stream?ticket=8e5f259b-bdf6-40ce-a44d-7a91c3364ec3:0
[  908099ms] [ERROR] Failed to load resource: the server responded with a status of 401 (Unauthorized) @ http://localhost:8081/notifications/stream?ticket=c42c5b82-b7e6-4c35-a15e-084685c9a897:0
[  909114ms] [ERROR] Failed to load resource: the server responded with a status of 401 (Unauthorized) @ http://localhost:8081/notifications/stream?ticket=a21b38c5-1e11-47e7-8022-d8d712a4327a:0
[  910126ms] [ERROR] Failed to load resource: the server responded with a status of 401 (Unauthorized) @ http://localhost:8081/notifications/stream?ticket=3bdd6a5c-3a15-4f82-8d88-bcfc82e017a4:0
[  911137ms] [ERROR] Failed to load resource: the server responded with a status of 401 (Unauthorized) @ http://localhost:8081/notifications/stream?ticket=8bca84a7-9a81-4e54-a8db-0f99057cd6b1:0
[  912150ms] [ERROR] Failed to load resource: the server responded with a status of 401 (Unauthorized) @ http://localhost:8081/notifications/stream?ticket=30fa2916-4aee-40e8-b10f-77a3d93e5f51:0
[  913160ms] [ERROR] Failed to load resource: the server responded with a status of 401 (Unauthorized) @ http://localhost:8081/notifications/stream?ticket=ff2f4b2e-c332-4288-be30-2ec3af6b9f46:0
[  914169ms] [ERROR] Failed to load resource: the server responded with a status of 401 (Unauthorized) @ http://localhost:8081/notifications/stream?ticket=93359e0d-6876-47fa-88ac-d48760b0963e:0
[  915187ms] [ERROR] Failed to load resource: the server responded with a status of 401 (Unauthorized) @ http://localhost:8081/notifications/stream?ticket=76b80e09-7804-4343-a4c0-19a8a4240f26:0
[  916203ms] [ERROR] Failed to load resource: the server responded with a status of 401 (Unauthorized) @ http://localhost:8081/notifications/stream?ticket=aa1e00a3-4867-4d89-ad66-5e0e79e02d8a:0
[  917218ms] [ERROR] Failed to load resource: the server responded with a status of 401 (Unauthorized) @ http://localhost:8081/notifications/stream?ticket=1fbc7373-ec70-41f0-9050-09106ce61a6f:0
[  918224ms] [ERROR] Failed to load resource: the server responded with a status of 401 (Unauthorized) @ http://localhost:8081/notifications/stream?ticket=99fe2653-a5d1-4684-958e-cc8070581f08:0
[  919231ms] [ERROR] Failed to load resource: the server responded with a status of 401 (Unauthorized) @ http://localhost:8081/notifications/stream?ticket=d42e31c4-571b-4788-8497-ebc641611826:0
[  920248ms] [ERROR] Failed to load resource: the server responded with a status of 401 (Unauthorized) @ http://localhost:8081/notifications/stream?ticket=ad4b01cb-108e-40f6-8597-302cce58d833:0
[  921257ms] [ERROR] Failed to load resource: the server responded with a status of 401 (Unauthorized) @ http://localhost:8081/notifications/stream?ticket=9f99cdb0-c960-40e1-b647-3dd7ccd60a46:0
[  922263ms] [ERROR] Failed to load resource: the server responded with a status of 401 (Unauthorized) @ http://localhost:8081/notifications/stream?ticket=3a551a74-8a35-4915-a1c3-4a8d2beb190a:0
[  923271ms] [ERROR] Failed to load resource: the server responded with a status of 401 (Unauthorized) @ http://localhost:8081/notifications/stream?ticket=d7770dad-0783-4d77-9421-3941a6739719:0
[  924282ms] [ERROR] Failed to load resource: the server responded with a status of 401 (Unauthorized) @ http://localhost:8081/notifications/stream?ticket=4ea58a07-c3ec-44a0-98a8-f23676b34669:0
[  925297ms] [ERROR] Failed to load resource: the server responded with a status of 401 (Unauthorized) @ http://localhost:8081/notifications/stream?ticket=f3482eef-3de3-4fa9-ae64-448f35a2cf4f:0
[  926306ms] [ERROR] Failed to load resource: the server responded with a status of 401 (Unauthorized) @ http://localhost:8081/notifications/stream?ticket=766b46ad-10a2-40b8-8637-ab9cc35452e9:0
[  927317ms] [ERROR] Failed to load resource: the server responded with a status of 401 (Unauthorized) @ http://localhost:8081/notifications/stream?ticket=6d6a203b-f385-4dd7-a631-5878e4f1f56b:0
[  928332ms] [ERROR] Failed to load resource: the server responded with a status of 401 (Unauthorized) @ http://localhost:8081/notifications/stream?ticket=14fa3851-d68e-493c-b868-a05912aa85f7:0
[  929348ms] [ERROR] Failed to load resource: the server responded with a status of 401 (Unauthorized) @ http://localhost:8081/notifications/stream?ticket=c6138881-1a4a-48c7-91c8-614f0ae8f247:0
[  930357ms] [ERROR] Failed to load resource: the server responded with a status of 401 (Unauthorized) @ http://localhost:8081/notifications/stream?ticket=ed0078a4-fb55-4750-8156-9756f512f5aa:0
[  931363ms] [ERROR] Failed to load resource: the server responded with a status of 401 (Unauthorized) @ http://localhost:8081/notifications/stream?ticket=9737eebb-bce4-46bb-8c10-6ac05d0fae41:0
[  932373ms] [ERROR] Failed to load resource: the server responded with a status of 401 (Unauthorized) @ http://localhost:8081/notifications/stream?ticket=e9a495e1-6d6d-43fa-b442-2e753635b569:0
[  933379ms] [ERROR] Failed to load resource: the server responded with a status of 401 (Unauthorized) @ http://localhost:8081/notifications/stream?ticket=14d3bb94-a1a1-4745-b271-b408f6348c8f:0
[  934390ms] [ERROR] Failed to load resource: the server responded with a status of 401 (Unauthorized) @ http://localhost:8081/notifications/stream?ticket=30b7990e-6ea6-4ac6-ae08-bd0cdf3794ca:0
[  935403ms] [ERROR] Failed to load resource: the server responded with a status of 401 (Unauthorized) @ http://localhost:8081/notifications/stream?ticket=911e0df0-c2f3-4666-a4bf-ec57b5ca9724:0
[  936416ms] [ERROR] Failed to load resource: the server responded with a status of 401 (Unauthorized) @ http://localhost:8081/notifications/stream?ticket=cc06af59-5c78-40fc-88fd-deec1afdcf10:0
[  937419ms] [ERROR] Failed to load resource: the server responded with a status of 401 (Unauthorized) @ http://localhost:8081/notifications/stream?ticket=c3e8b77f-0e8b-41ff-b0c4-e0d3c9452438:0
[  938425ms] [ERROR] Failed to load resource: net::ERR_CONNECTION_REFUSED @ http://localhost:8081/notifications/stream-ticket:0
